lon;lat;var1
140.5;20.5;-0.20538095844489532
140.5;21.5;-0.2618188238130874
140.5;22.5;-0.33332181425541035
140.5;23.5;-0.39899396689244104
140.5;24.5;-0.4723881099235015
140.5;25.5;-0.5469017957677853
140.5;26.5;-0.5692295085613303
140.5;27.5;-0.547749549885043
140.5;28.5;-0.5018988843333713
140.5;29.5;-0.5657211220248506
140.5;30.5;-0.6862592163881001
140.5;31.5;-0.7083718275909874
140.5;32.5;-0.6525266994734361
140.5;33.5;-0.6999532205488498
140.5;34.5;-0.8098548453691973
140.5;35.5;-0.9594571294200218
140.5;41.5;-0.7551970680672779
140.5;43.5;-0.5290861989788977
140.5;44.5;-0.38030357866726006
140.5;45.5;-0.22833622878445492
140.5;46.5;-0.14585691955691005
140.5;47.5;-0.13977810192059947
140.5;48.5;-0.17923279176827422
140.5;49.5;-0.2828066287019064
140.5;50.5;-0.32341045133359514
140.5;54.5;-0.46587225261297605
140.5;55.5;-0.3461655103239822
140.5;56.5;-0.18348264371596695
140.5;57.5;-0.05378398671300367
141.5;20.5;-0.18164694039168253
141.5;21.5;-0.2284496787958327
141.5;22.5;-0.2989274349956264
141.5;23.5;-0.36508283872078884
141.5;24.5;-0.4495568154686647
141.5;25.5;-0.5290452209362321
141.5;26.5;-0.5981697371599466
141.5;27.5;-0.5885315081479855
141.5;28.5;-0.5526811602375614
141.5;29.5;-0.5961528729550166
141.5;30.5;-0.6944881539275496
141.5;31.5;-0.7155968466845709
141.5;32.5;-0.6632823718957792
141.5;33.5;-0.7193789282179284
141.5;34.5;-0.8330825641631734
141.5;35.5;-1.018859998361158
141.5;36.5;-1.1679194280323852
141.5;37.5;-1.2374401183914867
141.5;38.5;-1.241439497452628
141.5;41.5;-0.8377616187486794
141.5;44.5;-0.46077012843363924
141.5;45.5;-0.29068947935293604
141.5;46.5;-0.1977228067672221
141.5;47.5;-0.1952694972612086
141.5;48.5;-0.22266524467546023
141.5;49.5;-0.27542709058584275
141.5;50.5;-0.2937249986610778
141.5;51.5;-0.35090937698559854
141.5;52.5;-0.5202752996751557
141.5;53.5;-0.519734500038184
141.5;54.5;-0.47990740713941027
141.5;55.5;-0.3885908505866219
141.5;56.5;-0.21544648144908915
141.5;57.5;-0.08308053495987819
141.5;58.5;0.029136205612359013
142.5;20.5;-0.17202782699385075
142.5;21.5;-0.22147105809825662
142.5;22.5;-0.2762480435521326
142.5;23.5;-0.3416552501312759
142.5;24.5;-0.44202086300146853
142.5;25.5;-0.5310639211543768
142.5;26.5;-0.6216144301602277
142.5;27.5;-0.6446807672139133
142.5;28.5;-0.6192740404093635
142.5;29.5;-0.6517742409238723
142.5;30.5;-0.7296962000315713
142.5;31.5;-0.738196285518158
142.5;32.5;-0.6920295215217438
142.5;33.5;-0.7396877622794034
142.5;34.5;-0.8648803756082237
142.5;35.5;-1.0394272539121736
142.5;36.5;-1.2085126294188901
142.5;37.5;-1.2696556959236847
142.5;38.5;-1.277357313700693
142.5;39.5;-1.2195411971988965
142.5;40.5;-1.0592296203498046
142.5;41.5;-0.8901633724589587
142.5;45.5;-0.3654745475229827
142.5;46.5;-0.26165210347615053
142.5;54.5;-0.48870684900728173
142.5;55.5;-0.4053222926978019
142.5;56.5;-0.2535168120442197
142.5;57.5;-0.1199258906252869
142.5;58.5;-0.009193256440100456
143.5;20.5;-0.16192305445082641
143.5;21.5;-0.20530005919882074
143.5;22.5;-0.25562782831303554
143.5;23.5;-0.32954122206625264
143.5;24.5;-0.43282530223292276
143.5;25.5;-0.5392547301287772
143.5;26.5;-0.6274290377883129
143.5;27.5;-0.6860495843263168
143.5;28.5;-0.6894908008191197
143.5;29.5;-0.7208630194519732
143.5;30.5;-0.7708053982377538
143.5;31.5;-0.752171039879556
143.5;32.5;-0.7198580013039485
143.5;33.5;-0.7468916720017471
143.5;34.5;-0.8807612212632051
143.5;35.5;-1.0618700487569979
143.5;36.5;-1.2203916360050893
143.5;37.5;-1.2791889149022773
143.5;38.5;-1.2886596291267831
143.5;39.5;-1.2389493184122653
143.5;40.5;-1.0745247666923599
143.5;41.5;-0.9147394539628301
143.5;42.5;-0.8548843833853872
143.5;44.5;-0.6081804879932073
143.5;45.5;-0.4317151688361526
143.5;46.5;-0.3449231387299969
143.5;47.5;-0.37416967713774524
143.5;48.5;-0.4045300757255087
143.5;51.5;-0.3379785914586854
143.5;52.5;-0.3582359460709075
143.5;53.5;-0.39844863202675906
143.5;54.5;-0.43762638212285193
143.5;55.5;-0.39269817002402096
143.5;56.5;-0.2842508378190137
143.5;57.5;-0.16091286889135067
143.5;58.5;-0.04563920454515271
144.5;20.5;-0.17231762416235402
144.5;21.5;-0.19038633602351382
144.5;22.5;-0.23148842060081865
144.5;23.5;-0.32614776291639347
144.5;24.5;-0.4339643301948645
144.5;25.5;-0.5332772043026343
144.5;26.5;-0.641688286228307
144.5;27.5;-0.7173755645355654
144.5;28.5;-0.7394686255494384
144.5;29.5;-0.7547118610246759
144.5;30.5;-0.7810859334049893
144.5;31.5;-0.7627399826858937
144.5;32.5;-0.7528463242059038
144.5;33.5;-0.7746332880864983
144.5;34.5;-0.9162740560249766
144.5;35.5;-1.0938716457392441
144.5;36.5;-1.2381254925753047
144.5;37.5;-1.2938756593803524
144.5;38.5;-1.2949150152279763
144.5;39.5;-1.2359621019888811
144.5;40.5;-1.0699350223158453
144.5;41.5;-0.9277436657787517
144.5;42.5;-0.8494573117823891
144.5;44.5;-0.6398732255205183
144.5;45.5;-0.4659566639296075
144.5;46.5;-0.3996590313553255
144.5;47.5;-0.4181040450260373
144.5;48.5;-0.4464716675463904
144.5;49.5;-0.38650517596102635
144.5;50.5;-0.29358314131502794
144.5;51.5;-0.25205241954021557
144.5;52.5;-0.2667179212544776
144.5;53.5;-0.33805294579733913
144.5;54.5;-0.37548590137475946
144.5;55.5;-0.33112112030260343
144.5;56.5;-0.29727025607761126
144.5;57.5;-0.21141220445827938
144.5;58.5;-0.09200985700025645
145.5;20.5;-0.17284257414186843
145.5;21.5;-0.18109000267813272
145.5;22.5;-0.21702423963748635
145.5;23.5;-0.3327298705367079
145.5;24.5;-0.4550149953556262
145.5;25.5;-0.553650529949233
145.5;26.5;-0.6560786083432355
145.5;27.5;-0.7380601812047425
145.5;28.5;-0.7601131761168372
145.5;29.5;-0.7682017434699466
145.5;30.5;-0.7857368893263699
145.5;31.5;-0.8021118668688951
145.5;32.5;-0.7724937844328511
145.5;33.5;-0.7840551012347607
145.5;34.5;-0.9220337920861967
145.5;35.5;-1.0926219790439726
145.5;36.5;-1.2431824796717434
145.5;37.5;-1.278187240605024
145.5;38.5;-1.2723624589525506
145.5;39.5;-1.2022795129612183
145.5;40.5;-1.0695947310080571
145.5;41.5;-0.9149884511409079
145.5;42.5;-0.8439895226857853
145.5;43.5;-0.762669858439201
145.5;44.5;-0.6132397821879755
145.5;45.5;-0.4651168229495584
145.5;46.5;-0.4338315839964428
145.5;47.5;-0.458734276691736
145.5;48.5;-0.486505517116116
145.5;49.5;-0.43352453940212027
145.5;50.5;-0.30613898386648597
145.5;51.5;-0.2367151216268504
145.5;52.5;-0.2229541829248165
145.5;53.5;-0.2656125446967508
145.5;54.5;-0.28917167636190766
145.5;55.5;-0.2876681330692564
145.5;56.5;-0.29488230093706835
145.5;57.5;-0.25484760742008905
145.5;58.5;-0.15156105419221072
146.5;20.5;-0.1520163024984563
146.5;21.5;-0.17256758159974242
146.5;22.5;-0.22435390647955272
146.5;23.5;-0.3483757796445857
146.5;24.5;-0.4809028852688724
146.5;25.5;-0.5663240586364829
146.5;26.5;-0.6635872034241418
146.5;27.5;-0.7378899960967495
146.5;28.5;-0.769114045697613
146.5;29.5;-0.7734638916249861
146.5;30.5;-0.8072099234075163
146.5;31.5;-0.8382069015225175
146.5;32.5;-0.7958506254013311
146.5;33.5;-0.7940331091116222
146.5;34.5;-0.8922065300647075
146.5;35.5;-1.0930817146061527
146.5;36.5;-1.2458540858509306
146.5;37.5;-1.2577508370685695
146.5;38.5;-1.2256098739475347
146.5;39.5;-1.165474738526822
146.5;40.5;-1.070873903620677
146.5;41.5;-0.910398985384528
146.5;42.5;-0.8315688136744082
146.5;43.5;-0.7171396980113183
146.5;44.5;-0.5617071946453538
146.5;45.5;-0.4741142451823118
146.5;46.5;-0.45677276500919883
146.5;47.5;-0.46403231909026127
146.5;48.5;-0.4664805955072431
146.5;49.5;-0.42959328990662293
146.5;50.5;-0.3302670303584479
146.5;51.5;-0.2282596182766872
146.5;52.5;-0.1823374079816788
146.5;53.5;-0.20957076292402183
146.5;54.5;-0.24807680994573364
146.5;55.5;-0.2801324182570114
146.5;56.5;-0.3162949338706234
146.5;57.5;-0.2913757431379292
146.5;58.5;-0.20371305575639923
147.5;20.5;-0.14526707649729093
147.5;21.5;-0.1651294006651852
147.5;22.5;-0.2226935342493515
147.5;23.5;-0.3583610654344091
147.5;24.5;-0.4984811819518956
147.5;25.5;-0.5991070671554451
147.5;26.5;-0.6844457326147184
147.5;27.5;-0.7527912667706161
147.5;28.5;-0.8006370724299003
147.5;29.5;-0.8046833038063654
147.5;30.5;-0.8402379725155258
147.5;31.5;-0.8933332491861712
147.5;32.5;-0.8508403417170437
147.5;33.5;-0.7924918766137812
147.5;34.5;-0.8834818325348768
147.5;35.5;-1.0937034415634832
147.5;36.5;-1.2505140905123209
147.5;37.5;-1.261692503190841
147.5;38.5;-1.191156089299215
147.5;39.5;-1.1271010683047098
147.5;40.5;-1.0551814957241372
147.5;41.5;-0.9110677841199596
147.5;42.5;-0.835880728042435
147.5;43.5;-0.6926962497453136
147.5;44.5;-0.5380819205219473
147.5;45.5;-0.4593040691688743
147.5;46.5;-0.4697892471393222
147.5;47.5;-0.4646121686027201
147.5;48.5;-0.4532024593630124
147.5;49.5;-0.4026977611526004
147.5;50.5;-0.3203853761703849
147.5;51.5;-0.2077791670134572
147.5;52.5;-0.15177558486761977
147.5;53.5;-0.16772641325968046
147.5;54.5;-0.1870377899425793
147.5;55.5;-0.26115831619272284
147.5;56.5;-0.30140001732786353
147.5;57.5;-0.29557585041033213
147.5;58.5;-0.2469192585701003
148.5;20.5;-0.13264918642622378
148.5;21.5;-0.15904127616749864
148.5;22.5;-0.24339988349152736
148.5;23.5;-0.37620471386674165
148.5;24.5;-0.506751837067062
148.5;25.5;-0.6094717849033218
148.5;26.5;-0.6973856164040095
148.5;27.5;-0.7871173806577133
148.5;28.5;-0.8293105892925852
148.5;29.5;-0.8484928966845752
148.5;30.5;-0.8880366309841676
148.5;31.5;-0.9397509663987061
148.5;32.5;-0.8773653719356187
148.5;33.5;-0.8065639871435647
148.5;34.5;-0.8668248796501515
148.5;35.5;-1.0543779984753252
148.5;36.5;-1.2255195182914094
148.5;37.5;-1.2523387477892367
148.5;38.5;-1.173775085393751
148.5;39.5;-1.089337377984333
148.5;40.5;-1.038218233321765
148.5;41.5;-0.9446672816113542
148.5;42.5;-0.8550848816587967
148.5;43.5;-0.6888078796087446
148.5;44.5;-0.521368147229154
148.5;45.5;-0.4449615682172079
148.5;46.5;-0.4480880436272618
148.5;47.5;-0.45274694256543785
148.5;48.5;-0.4505520158333885
148.5;49.5;-0.38063023569165944
148.5;50.5;-0.29550727663614984
148.5;51.5;-0.17605460991178304
148.5;52.5;-0.1248980104733669
148.5;53.5;-0.12217090424202788
148.5;54.5;-0.15524408836073192
148.5;55.5;-0.231707372801596
148.5;56.5;-0.27862966000267697
148.5;57.5;-0.28475058311980106
148.5;58.5;-0.2718513268735153
149.5;20.5;-0.13553183636628663
149.5;21.5;-0.16702391286174562
149.5;22.5;-0.2673224556134868
149.5;23.5;-0.3891818304311259
149.5;24.5;-0.502171053799876
149.5;25.5;-0.6067944510590516
149.5;26.5;-0.7124092044905737
149.5;27.5;-0.810675589890898
149.5;28.5;-0.842283794760696
149.5;29.5;-0.8863005225220606
149.5;30.5;-0.9302373952777284
149.5;31.5;-0.9656390074219062
149.5;32.5;-0.9202851860814808
149.5;33.5;-0.8142459435237988
149.5;34.5;-0.8525335185609868
149.5;35.5;-1.0072992535376024
149.5;36.5;-1.1803807698408837
149.5;37.5;-1.233624177230137
149.5;38.5;-1.1770707315124662
149.5;39.5;-1.1039450393677008
149.5;40.5;-1.0433427127474708
149.5;41.5;-0.9861603777588763
149.5;42.5;-0.8676106640190092
149.5;43.5;-0.6779662873730085
149.5;44.5;-0.504945396759184
149.5;45.5;-0.4288186991917491
149.5;46.5;-0.4340803651151972
149.5;47.5;-0.43652358862142676
149.5;48.5;-0.41490284346285405
149.5;49.5;-0.34529778947065654
149.5;50.5;-0.25771602211435424
149.5;51.5;-0.13698188380194135
149.5;52.5;-0.08359844048039901
149.5;53.5;-0.08931377573034592
149.5;54.5;-0.12681398003398672
149.5;55.5;-0.2049816881325143
149.5;56.5;-0.26129573786589644
149.5;57.5;-0.27841696134217275
149.5;58.5;-0.2954216761095236
149.5;59.5;-0.2385774245226187
150.5;20.5;-0.1551559832336964
150.5;21.5;-0.18337944771599626
150.5;22.5;-0.2722085636172667
150.5;23.5;-0.3789174571366897
150.5;24.5;-0.48789264888633055
150.5;25.5;-0.6154739758220404
150.5;26.5;-0.7260830885246237
150.5;27.5;-0.8295175327423681
150.5;28.5;-0.8704928558927275
150.5;29.5;-0.9159930802649711
150.5;30.5;-0.9585225340343527
150.5;31.5;-0.9905636683010675
150.5;32.5;-0.9421564127546118
150.5;33.5;-0.8615875945817046
150.5;34.5;-0.8645080562640267
150.5;35.5;-0.994110154752032
150.5;36.5;-1.1381145063990976
150.5;37.5;-1.2219069655653785
150.5;38.5;-1.207572486717266
150.5;39.5;-1.1358773317139748
150.5;40.5;-1.0759835081906266
150.5;41.5;-1.0221892870394464
150.5;42.5;-0.8959203094294608
150.5;43.5;-0.6846744070908671
150.5;44.5;-0.48260663337439347
150.5;45.5;-0.40420103063171914
150.5;46.5;-0.4084330745379916
150.5;47.5;-0.3911120869035188
150.5;48.5;-0.3598353217441535
150.5;49.5;-0.27992180647378684
150.5;50.5;-0.18572999459574666
150.5;51.5;-0.08081501105001881
150.5;52.5;-0.02499859488511721
150.5;53.5;-0.03851636879061485
150.5;54.5;-0.09601262075062145
150.5;55.5;-0.18375421924323498
150.5;56.5;-0.23948376935413632
150.5;57.5;-0.26641833541356597
150.5;58.5;-0.3056304466381372
150.5;59.5;-0.26786671235750864
151.5;20.5;-0.19294605375090662
151.5;21.5;-0.2201522852236847
151.5;22.5;-0.28152752341232334
151.5;23.5;-0.37364708534475
151.5;24.5;-0.46617199422914296
151.5;25.5;-0.6126375763423398
151.5;26.5;-0.7362510874750519
151.5;27.5;-0.8241788865474141
151.5;28.5;-0.9035392185975786
151.5;29.5;-0.951594832147307
151.5;30.5;-0.9924536386068664
151.5;31.5;-1.0123733668773434
151.5;32.5;-0.9759047829197814
151.5;33.5;-0.8907067923180677
151.5;34.5;-0.8972836727311716
151.5;35.5;-0.9913819773049614
151.5;36.5;-1.1309070607026452
151.5;37.5;-1.237897805867726
151.5;38.5;-1.2288709910035271
151.5;39.5;-1.1797452736125293
151.5;40.5;-1.0956732879874593
151.5;41.5;-1.055698726640284
151.5;42.5;-0.894695927356254
151.5;43.5;-0.695881724695335
151.5;44.5;-0.4796727950891552
151.5;45.5;-0.39609022739605343
151.5;46.5;-0.368850588845915
151.5;47.5;-0.35511993593191465
151.5;48.5;-0.2869742808648789
151.5;49.5;-0.20221105707932993
151.5;50.5;-0.09653403507354881
151.5;51.5;-0.0026558255643576575
151.5;52.5;0.04152745254279584
151.5;53.5;0.020320633928702606
151.5;54.5;-0.05367314395989414
151.5;55.5;-0.16504375115257042
151.5;56.5;-0.22423765342064875
151.5;57.5;-0.26081489536992214
151.5;58.5;-0.29205281791472015
152.5;20.5;-0.22761537490378314
152.5;21.5;-0.24637179579616245
152.5;22.5;-0.28820124971616906
152.5;23.5;-0.3652796391415305
152.5;24.5;-0.470167851694863
152.5;25.5;-0.6022224401755365
152.5;26.5;-0.744372643329633
152.5;27.5;-0.8300174386188731
152.5;28.5;-0.9095525554625287
152.5;29.5;-0.9830016810564574
152.5;30.5;-1.0374726049286986
152.5;31.5;-1.0275050982916154
152.5;32.5;-1.0108543973043722
152.5;33.5;-0.948513476219027
152.5;34.5;-0.9257902309320795
152.5;35.5;-1.0252167074267786
152.5;36.5;-1.134154469951901
152.5;37.5;-1.2537138532369005
152.5;38.5;-1.2509994322999414
152.5;39.5;-1.2140599723738428
152.5;40.5;-1.1272114599170182
152.5;41.5;-1.0496140423215303
152.5;42.5;-0.9005364395051654
152.5;43.5;-0.6890603451694897
152.5;44.5;-0.4661962001294412
152.5;45.5;-0.3674173704619606
152.5;46.5;-0.33189495161275495
152.5;47.5;-0.2856172949036485
152.5;48.5;-0.2101295706131467
152.5;49.5;-0.1283642148262088
152.5;50.5;-0.011622344745372486
152.5;51.5;0.06759277181118045
152.5;52.5;0.1112023531818534
152.5;53.5;0.07360920413713588
152.5;54.5;-0.00852666617325222
152.5;55.5;-0.13163439234465327
152.5;56.5;-0.20705153573864973
152.5;57.5;-0.24961133354665366
152.5;58.5;-0.29101654030744206
153.5;20.5;-0.25071154461813444
153.5;21.5;-0.2663466749135925
153.5;22.5;-0.2946420430188692
153.5;23.5;-0.3517859596067969
153.5;24.5;-0.4542749414514531
153.5;25.5;-0.5908021244824518
153.5;26.5;-0.7525981507816705
153.5;27.5;-0.8321638715602147
153.5;28.5;-0.9235667979254588
153.5;29.5;-0.9988570766956825
153.5;30.5;-1.0639513050548595
153.5;31.5;-1.057282560184964
153.5;32.5;-1.0503395313143318
153.5;33.5;-0.9944100884036973
153.5;34.5;-0.9736766908251104
153.5;35.5;-1.0553560826178376
153.5;36.5;-1.1554537773944331
153.5;37.5;-1.277920361967276
153.5;38.5;-1.2888627657707366
153.5;39.5;-1.2371755422285202
153.5;40.5;-1.1357178872819373
153.5;41.5;-1.0376386958409582
153.5;42.5;-0.8695680313843515
153.5;43.5;-0.6722002226608077
153.5;44.5;-0.4553114034562925
153.5;45.5;-0.3405266303224488
153.5;46.5;-0.288531609129716
153.5;47.5;-0.221262280595705
153.5;48.5;-0.13216771249470352
153.5;49.5;-0.024498140333884606
153.5;50.5;0.0798954593755843
153.5;51.5;0.1501842898236635
153.5;52.5;0.16971149299267835
153.5;53.5;0.12225346169071331
153.5;54.5;0.0457092396011101
153.5;55.5;-0.07932911396405193
153.5;56.5;-0.16602005965675762
153.5;57.5;-0.217820252121387
153.5;58.5;-0.2842826331738957
154.5;20.5;-0.25196291181411373
154.5;21.5;-0.257766088342114
154.5;22.5;-0.28164833350687535
154.5;23.5;-0.33140257511618904
154.5;24.5;-0.44145984552156525
154.5;25.5;-0.583652356824031
154.5;26.5;-0.7217319125787388
154.5;27.5;-0.8201346962489937
154.5;28.5;-0.914458904306074
154.5;29.5;-1.02022240797084
154.5;30.5;-1.0786468325791878
154.5;31.5;-1.0792621618325262
154.5;32.5;-1.073721721166621
154.5;33.5;-1.0610560102510427
154.5;34.5;-1.0167965332621454
154.5;35.5;-1.0848017758375272
154.5;36.5;-1.1802244365408623
154.5;37.5;-1.286867532398251
154.5;38.5;-1.3236095065433882
154.5;39.5;-1.245229334950235
154.5;40.5;-1.1332175757220626
154.5;41.5;-1.0297299065520145
154.5;42.5;-0.8669907521846718
154.5;43.5;-0.6512235978937816
154.5;44.5;-0.45910894834365035
154.5;45.5;-0.3501326418433807
154.5;46.5;-0.2773435015943342
154.5;47.5;-0.16969135853794648
154.5;48.5;-0.07239820293288739
154.5;49.5;0.059081360540842946
154.5;50.5;0.18333110618586004
154.5;51.5;0.2473223235790176
154.5;52.5;0.23662816449789548
154.5;53.5;0.19501954251365888
154.5;54.5;0.12953043627773175
154.5;55.5;-0.006207786587098497
154.5;56.5;-0.10925529815265776
154.5;57.5;-0.1877482401694527
154.5;58.5;-0.2635145410690575
154.5;59.5;-0.3296070716928118
155.5;20.5;-0.24076139420931988
155.5;21.5;-0.23294501211960356
155.5;22.5;-0.2519690643824982
155.5;23.5;-0.3205459038702807
155.5;24.5;-0.4334910542764833
155.5;25.5;-0.5746949930961254
155.5;26.5;-0.7185248271842073
155.5;27.5;-0.8243547649494615
155.5;28.5;-0.9260449043446758
155.5;29.5;-1.027150738712021
155.5;30.5;-1.0762408046824092
155.5;31.5;-1.100548345853525
155.5;32.5;-1.093988795767093
155.5;33.5;-1.0875490546932678
155.5;34.5;-1.0603341474830923
155.5;35.5;-1.0918988309872872
155.5;36.5;-1.1936120847998264
155.5;37.5;-1.2978301830256351
155.5;38.5;-1.3162347616679546
155.5;39.5;-1.2427321917632104
155.5;40.5;-1.1384503253297422
155.5;41.5;-1.0121327465750374
155.5;42.5;-0.859495111246665
155.5;43.5;-0.6700043269837764
155.5;44.5;-0.47780127256303373
155.5;45.5;-0.3591286160943537
155.5;46.5;-0.2553199681707582
155.5;47.5;-0.1151154151879858
155.5;48.5;0.007740926185414074
155.5;49.5;0.135046749101501
155.5;50.5;0.28184821729908394
155.5;51.5;0.32976437671002645
155.5;52.5;0.3436757133004494
155.5;53.5;0.2846311714758664
155.5;54.5;0.19621139405583718
155.5;55.5;0.05522279710666339
155.5;56.5;-0.07111278935617937
155.5;57.5;-0.15797808526531631
155.5;58.5;-0.22971326842850165
155.5;59.5;-0.2803889824894856
156.5;20.5;-0.22783058626520183
156.5;21.5;-0.21247400374725917
156.5;22.5;-0.2303067645190631
156.5;23.5;-0.3078042519050903
156.5;24.5;-0.4175139851270796
156.5;25.5;-0.5754066759482921
156.5;26.5;-0.7132893682009112
156.5;27.5;-0.8217371342396887
156.5;28.5;-0.9089200769818349
156.5;29.5;-1.0171149752105686
156.5;30.5;-1.0913745889848467
156.5;31.5;-1.1174140241648067
156.5;32.5;-1.1285069501959621
156.5;33.5;-1.1092859017755778
156.5;34.5;-1.0704480075048528
156.5;35.5;-1.0780573077735403
156.5;36.5;-1.1867599844629952
156.5;37.5;-1.280643076001537
156.5;38.5;-1.3005581345421766
156.5;39.5;-1.238987944412001
156.5;40.5;-1.117661620243064
156.5;41.5;-1.0035345788908745
156.5;42.5;-0.8651498038100802
156.5;43.5;-0.6990540217039186
156.5;44.5;-0.5192229050981505
156.5;45.5;-0.3863642762823315
156.5;46.5;-0.25973625685913454
156.5;47.5;-0.09921113966874483
156.5;48.5;0.06827452367901188
156.5;49.5;0.23429089004513212
156.5;50.5;0.36415671337853567
156.5;51.5;0.4284299952727928
156.5;57.5;-0.1553797147762925
156.5;58.5;-0.18685680284715908
156.5;59.5;-0.2214579613051265
157.5;20.5;-0.22060948434407524
157.5;21.5;-0.21532301386713765
157.5;22.5;-0.2250995843225258
157.5;23.5;-0.29469209533225316
157.5;24.5;-0.4111834758611832
157.5;25.5;-0.5570761956132368
157.5;26.5;-0.7184721051713593
157.5;27.5;-0.8084283722280905
157.5;28.5;-0.8896439631096794
157.5;29.5;-0.9972693955336671
157.5;30.5;-1.1124667242396893
157.5;31.5;-1.1245247035895647
157.5;32.5;-1.146496417443383
157.5;33.5;-1.142708575122981
157.5;34.5;-1.1253894060628002
157.5;35.5;-1.102606830236343
157.5;36.5;-1.1806872058225595
157.5;37.5;-1.2797224008810903
157.5;38.5;-1.3096128186664322
157.5;39.5;-1.2410987385667935
157.5;40.5;-1.106901656299927
157.5;41.5;-0.992465391536221
157.5;42.5;-0.8740003177372592
157.5;43.5;-0.7047666445057734
157.5;44.5;-0.5464619550076532
157.5;45.5;-0.4143110585984913
157.5;46.5;-0.2855794971834054
157.5;47.5;-0.09980028384466749
157.5;48.5;0.1054517690533807
157.5;49.5;0.2770830632419457
157.5;50.5;0.4235348610195542
157.5;51.5;0.4746690926156466
157.5;58.5;-0.16695621339969402
157.5;59.5;-0.18510792490355515
158.5;20.5;-0.21735114161258173
158.5;21.5;-0.21696430972767256
158.5;22.5;-0.21295038167641966
158.5;23.5;-0.28352369744295614
158.5;24.5;-0.40152197779600557
158.5;25.5;-0.5424080228787301
158.5;26.5;-0.6959993760671237
158.5;27.5;-0.7970115432652816
158.5;28.5;-0.8826810641721966
158.5;29.5;-0.9925798984113207
158.5;30.5;-1.1137809051076155
158.5;31.5;-1.1325809881419702
158.5;32.5;-1.1507092656605067
158.5;33.5;-1.1493503710590038
158.5;34.5;-1.1514389468267425
158.5;35.5;-1.117943168360087
158.5;36.5;-1.191080816489232
158.5;37.5;-1.264316208991121
158.5;38.5;-1.2975795972586448
158.5;39.5;-1.23364984486172
158.5;40.5;-1.1013290394450463
158.5;41.5;-0.9826937246738925
158.5;42.5;-0.8592113911571289
158.5;43.5;-0.7285454784017477
158.5;44.5;-0.5709403809878575
158.5;45.5;-0.44237114046508247
158.5;46.5;-0.3048047266954801
158.5;47.5;-0.12361719456329774
158.5;48.5;0.0988825203748577
158.5;49.5;0.3040076911833697
158.5;50.5;0.4435833690928406
158.5;51.5;0.5271600638820715
158.5;52.5;0.48927079274496804
158.5;58.5;-0.13261928254881114
158.5;59.5;-0.12563733908129623
159.5;20.5;-0.20300583247789436
159.5;21.5;-0.21584878829971588
159.5;22.5;-0.20791040744868033
159.5;23.5;-0.2812522591113719
159.5;24.5;-0.4020426228239855
159.5;25.5;-0.5316833240051032
159.5;26.5;-0.6662957651698919
159.5;27.5;-0.7883332629139078
159.5;28.5;-0.877965984371067
159.5;29.5;-0.9948949452193929
159.5;30.5;-1.1150221816048078
159.5;31.5;-1.1471397084323889
159.5;32.5;-1.1512239879525175
159.5;33.5;-1.149494483287311
159.5;34.5;-1.1894221003925416
159.5;35.5;-1.1613845831987883
159.5;36.5;-1.2008317585369703
159.5;37.5;-1.264984828055496
159.5;38.5;-1.2699840151065238
159.5;39.5;-1.201030780062619
159.5;40.5;-1.0896727094469103
159.5;41.5;-0.9808629121712309
159.5;42.5;-0.8670432081564307
159.5;43.5;-0.7479925152136261
159.5;44.5;-0.5968917525720133
159.5;45.5;-0.4722959065804409
159.5;46.5;-0.3274274277385143
159.5;47.5;-0.14207759497059638
159.5;48.5;0.08243616400823205
159.5;49.5;0.3082218570593916
159.5;50.5;0.45506519683646723
159.5;51.5;0.5320362960586128
159.5;52.5;0.5133495482746422
159.5;59.5;-0.0740116831898704
160.5;20.5;-0.20506149911542526
160.5;21.5;-0.20443934237103437
160.5;22.5;-0.21421190873926627
160.5;23.5;-0.28440104284301687
160.5;24.5;-0.4038203120523135
160.5;25.5;-0.51711229220595
160.5;26.5;-0.6394254866124784
160.5;27.5;-0.7715804451953648
160.5;28.5;-0.8806695239792741
160.5;29.5;-1.000499899782888
160.5;30.5;-1.1146826357483424
160.5;31.5;-1.174230382483576
160.5;32.5;-1.1775336287945217
160.5;33.5;-1.1779560501639184
160.5;34.5;-1.2135461818674755
160.5;35.5;-1.2154989238045126
160.5;36.5;-1.2172370908510002
160.5;37.5;-1.260354021851359
160.5;38.5;-1.2688391648344566
160.5;39.5;-1.1882838980676036
160.5;40.5;-1.092026248350963
160.5;41.5;-0.9807705056158761
160.5;42.5;-0.8505586406699089
160.5;43.5;-0.7436460210463853
160.5;44.5;-0.6204198024644485
160.5;45.5;-0.4893654656740069
160.5;46.5;-0.3274148087187485
160.5;47.5;-0.14999771190914238
160.5;48.5;0.058217217145122624
160.5;49.5;0.290907010289914
160.5;50.5;0.44920834515284075
160.5;51.5;0.5514331512829087
160.5;52.5;0.5597876726289206
160.5;53.5;0.5024522474038847
160.5;59.5;-0.0109666678334197
161.5;20.5;-0.19343574258555807
161.5;21.5;-0.18605313713450602
161.5;22.5;-0.21068856336187888
161.5;23.5;-0.28323144107253345
161.5;24.5;-0.40590103614991846
161.5;25.5;-0.5189014917991402
161.5;26.5;-0.62934067219671
161.5;27.5;-0.7642016477756803
161.5;28.5;-0.8802595228482404
161.5;29.5;-0.9957397007102844
161.5;30.5;-1.1122429564892826
161.5;31.5;-1.1884015287154932
161.5;32.5;-1.220185364297963
161.5;33.5;-1.2170061934866339
161.5;34.5;-1.2644311481799442
161.5;35.5;-1.2679143841743272
161.5;36.5;-1.2576419074078953
161.5;37.5;-1.2620324515342753
161.5;38.5;-1.2555761891890491
161.5;39.5;-1.1765465925892808
161.5;40.5;-1.1001911929955748
161.5;41.5;-0.9915446608001314
161.5;42.5;-0.8581103413090745
161.5;43.5;-0.7455819319392473
161.5;44.5;-0.6224044000400327
161.5;45.5;-0.47940688425753464
161.5;46.5;-0.324263314623742
161.5;47.5;-0.15872657138565283
161.5;48.5;0.03849899431077458
161.5;49.5;0.26208584115361944
161.5;50.5;0.4262742180284814
161.5;51.5;0.5381841290025471
161.5;52.5;0.5822679200349974
161.5;53.5;0.5575119930588566
161.5;54.5;0.5470589992592205
162.5;20.5;-0.20392709320203614
162.5;21.5;-0.17363767752658096
162.5;22.5;-0.2100152554146247
162.5;23.5;-0.29858384882730216
162.5;24.5;-0.40007716518624437
162.5;25.5;-0.5091114269216818
162.5;26.5;-0.6204791403699346
162.5;27.5;-0.7471017665760386
162.5;28.5;-0.8754186647460956
162.5;29.5;-1.0283519790387228
162.5;30.5;-1.135534842265522
162.5;31.5;-1.2218736085868491
162.5;32.5;-1.2633050361850393
162.5;33.5;-1.2633445396490408
162.5;34.5;-1.3138416147416998
162.5;35.5;-1.3207423631023483
162.5;36.5;-1.291596004892045
162.5;37.5;-1.2610533419145937
162.5;38.5;-1.2321738487061173
162.5;39.5;-1.182998480175464
162.5;40.5;-1.1019253032458372
162.5;41.5;-0.9925724091235422
162.5;42.5;-0.8456710946166307
162.5;43.5;-0.7302599343003542
162.5;44.5;-0.6103519363270296
162.5;45.5;-0.48648913456186993
162.5;46.5;-0.3152089155200094
162.5;47.5;-0.14896021379480587
162.5;48.5;0.02552052515104173
162.5;49.5;0.2233989790938524
162.5;50.5;0.41245283120477205
162.5;51.5;0.541655612232307
162.5;52.5;0.6046331100810097
162.5;53.5;0.6136576665075754
162.5;54.5;0.6130589695172205
162.5;55.5;0.5926699266582582
162.5;58.5;0.14023795758870158
163.5;20.5;-0.18726942877356983
163.5;21.5;-0.1699492988641849
163.5;22.5;-0.206321340823776
163.5;23.5;-0.3085925557215856
163.5;24.5;-0.40451316575751667
163.5;25.5;-0.5029165032667476
163.5;26.5;-0.5929961262752355
163.5;27.5;-0.7250926891040005
163.5;28.5;-0.8764500873030634
163.5;29.5;-1.0392348888134713
163.5;30.5;-1.1698439560945573
163.5;31.5;-1.2527612229506
163.5;32.5;-1.2913684991621917
163.5;33.5;-1.3173224961360956
163.5;34.5;-1.366521776915877
163.5;35.5;-1.3631357066355998
163.5;36.5;-1.3318357075770684
163.5;37.5;-1.2767694191385515
163.5;38.5;-1.2392722936179532
163.5;39.5;-1.1737118862489369
163.5;40.5;-1.1105986676103234
163.5;41.5;-1.0157111517539836
163.5;42.5;-0.8633917558741332
163.5;43.5;-0.7282476781567699
163.5;44.5;-0.6086585093062216
163.5;45.5;-0.4816132437424987
163.5;46.5;-0.310606934207799
163.5;47.5;-0.14363160031955183
163.5;48.5;0.02001992788110403
163.5;49.5;0.2221459743702172
163.5;50.5;0.41402135551344027
163.5;51.5;0.5501483981274583
163.5;52.5;0.6196326496615174
163.5;53.5;0.647652337430236
163.5;54.5;0.6806955544630696
163.5;55.5;0.6781531510844682
163.5;56.5;0.600972062048714
163.5;57.5;0.47796016834648153
163.5;58.5;0.30700965577710015
163.5;59.5;0.18246778953046436
164.5;20.5;-0.15456315061172027
164.5;21.5;-0.15273152420966465
164.5;22.5;-0.19208794178617208
164.5;23.5;-0.3055435388357613
164.5;24.5;-0.4083122595597407
164.5;25.5;-0.493663259710705
164.5;26.5;-0.5871219500994572
164.5;27.5;-0.7141124515908377
164.5;28.5;-0.8819492040471557
164.5;29.5;-1.0532307906563245
164.5;30.5;-1.1979047203824504
164.5;31.5;-1.2777416373487835
164.5;32.5;-1.3225503098568638
164.5;33.5;-1.3524400129543845
164.5;34.5;-1.405402255304212
164.5;35.5;-1.3831859018647867
164.5;36.5;-1.3326934112376252
164.5;37.5;-1.2694047529942358
164.5;38.5;-1.2172002263486685
164.5;39.5;-1.1659266541034428
164.5;40.5;-1.1091721431567034
164.5;41.5;-1.016793757495196
164.5;42.5;-0.867989718997421
164.5;43.5;-0.7378784091052585
164.5;44.5;-0.6071847945717693
164.5;45.5;-0.48660736968852886
164.5;46.5;-0.3084656695786039
164.5;47.5;-0.13936877240148995
164.5;48.5;0.03236689999496104
164.5;49.5;0.22727821525464137
164.5;50.5;0.4225881282529543
164.5;51.5;0.5663219235742566
164.5;52.5;0.652640487167227
164.5;53.5;0.6871922278602609
164.5;54.5;0.7245527755706566
164.5;55.5;0.7309930435336175
164.5;56.5;0.6880346121712446
164.5;57.5;0.5734420427999863
164.5;58.5;0.4650336285167175
164.5;59.5;0.3097689871966674
165.5;20.5;-0.1144386175187436
165.5;21.5;-0.14094098158316856
165.5;22.5;-0.18043578543669883
165.5;23.5;-0.28822133564913344
165.5;24.5;-0.40008704267385825
165.5;25.5;-0.5007227145834887
165.5;26.5;-0.573352135550293
165.5;27.5;-0.7129610454781578
165.5;28.5;-0.894949311000121
165.5;29.5;-1.0813737632963185
165.5;30.5;-1.2249321081033164
165.5;31.5;-1.2993032749698306
165.5;32.5;-1.3514810219501512
165.5;33.5;-1.3721723557725958
165.5;34.5;-1.404566604117951
165.5;35.5;-1.3842300008060393
165.5;36.5;-1.3393953581391065
165.5;37.5;-1.2628404358163896
165.5;38.5;-1.2199239152672803
165.5;39.5;-1.1697053169933227
165.5;40.5;-1.1135773366372372
165.5;41.5;-1.0236207450165649
165.5;42.5;-0.8949406055248307
165.5;43.5;-0.7528104621301847
165.5;44.5;-0.608245637825918
165.5;45.5;-0.4747206818877243
165.5;46.5;-0.28881935882539905
165.5;47.5;-0.13024151298676395
165.5;48.5;0.03522301699303542
165.5;49.5;0.24986310450198726
165.5;50.5;0.44286198738938787
165.5;51.5;0.5781811829597839
165.5;52.5;0.6813087080465464
165.5;53.5;0.7186508521308431
165.5;54.5;0.7537412141155095
165.5;55.5;0.7857851131790483
165.5;56.5;0.7409232793346977
165.5;57.5;0.6420194619447719
165.5;58.5;0.544834683971741
165.5;59.5;0.429270429039034
166.5;20.5;-0.08948689094780177
166.5;21.5;-0.11121892666897669
166.5;22.5;-0.15703399160131082
166.5;23.5;-0.27981778000876073
166.5;24.5;-0.37746300422261325
166.5;25.5;-0.4828234738223199
166.5;26.5;-0.5807767076318957
166.5;27.5;-0.7106892987947623
166.5;28.5;-0.9049382768627509
166.5;29.5;-1.1108459602858973
166.5;30.5;-1.2683945717301006
166.5;31.5;-1.3388368666650545
166.5;32.5;-1.3795180673555463
166.5;33.5;-1.3887404715924054
166.5;34.5;-1.4107290492474158
166.5;35.5;-1.3827589458079068
166.5;36.5;-1.339607388998993
166.5;37.5;-1.2718179143977792
166.5;38.5;-1.2357977334062473
166.5;39.5;-1.1756028189282612
166.5;40.5;-1.1121899199624266
166.5;41.5;-1.0441912327083083
166.5;42.5;-0.922935299913494
166.5;43.5;-0.7682999111626744
166.5;44.5;-0.6227539384323603
166.5;45.5;-0.4713533953836717
166.5;46.5;-0.2912398837751133
166.5;47.5;-0.10950961009274929
166.5;48.5;0.06129984316293948
166.5;49.5;0.2866470938651886
166.5;50.5;0.45615666431435464
166.5;51.5;0.5830909683572292
166.5;52.5;0.6873088962311841
166.5;53.5;0.7343137052161559
166.5;54.5;0.7714294737911388
166.5;55.5;0.8022770929736383
166.5;56.5;0.7741390640077234
166.5;57.5;0.7065098089636793
166.5;58.5;0.6064735414430668
166.5;59.5;0.5154027794454505
167.5;20.5;-0.06575792167800598
167.5;21.5;-0.10120018292867537
167.5;22.5;-0.14267315026000876
167.5;23.5;-0.2574336438894259
167.5;24.5;-0.36113205163182777
167.5;25.5;-0.4637481465039856
167.5;26.5;-0.5875521468785198
167.5;27.5;-0.7182626424815173
167.5;28.5;-0.9230697859187967
167.5;29.5;-1.1416762374563643
167.5;30.5;-1.3005127159844883
167.5;31.5;-1.3799642811509039
167.5;32.5;-1.4187086801812128
167.5;33.5;-1.4004057729653863
167.5;34.5;-1.4111061314492812
167.5;35.5;-1.3702116983110917
167.5;36.5;-1.3384042416605433
167.5;37.5;-1.288569503722568
167.5;38.5;-1.2594904233512636
167.5;39.5;-1.193300261476018
167.5;40.5;-1.123781676203794
167.5;41.5;-1.0594579600335425
167.5;42.5;-0.9501190411819327
167.5;43.5;-0.7891472462566126
167.5;44.5;-0.6260674893644471
167.5;45.5;-0.46626286545974244
167.5;46.5;-0.29462877057604314
167.5;47.5;-0.08839239862777076
167.5;48.5;0.1028949534330482
167.5;49.5;0.31819927326452885
167.5;50.5;0.48779511303835843
167.5;51.5;0.6027677808573692
167.5;52.5;0.6809498706631256
167.5;53.5;0.7207843370150827
167.5;54.5;0.7849156658918877
167.5;55.5;0.8236024178202372
167.5;56.5;0.8209026139628369
167.5;57.5;0.7528272274156903
167.5;58.5;0.6602747842780277
167.5;59.5;0.5731816934153565
168.5;20.5;-0.0645786699236524
168.5;21.5;-0.09212694182101495
168.5;22.5;-0.1233704505153372
168.5;23.5;-0.22622445902514868
168.5;24.5;-0.3424853999069781
168.5;25.5;-0.45529267246524086
168.5;26.5;-0.5873712709793177
168.5;27.5;-0.7374719886586529
168.5;28.5;-0.9415794228892855
168.5;29.5;-1.168522788101717
168.5;30.5;-1.3531919827794263
168.5;31.5;-1.4326105025038554
168.5;32.5;-1.451715722934674
168.5;33.5;-1.4456309687219633
168.5;34.5;-1.429641980254029
168.5;35.5;-1.3773301877090813
168.5;36.5;-1.3440007045393119
168.5;37.5;-1.298042889427715
168.5;38.5;-1.2802827213316885
168.5;39.5;-1.2036991966221087
168.5;40.5;-1.1329560863994947
168.5;41.5;-1.0807361738951624
168.5;42.5;-0.9845706790808287
168.5;43.5;-0.8192159852975335
168.5;44.5;-0.641255459973338
168.5;45.5;-0.4766676627470883
168.5;46.5;-0.2931762311995012
168.5;47.5;-0.07745075586760794
168.5;48.5;0.13606327296025625
168.5;49.5;0.35672971056365643
168.5;50.5;0.5246400234347285
168.5;51.5;0.6247639366070525
168.5;52.5;0.6887259687183259
168.5;53.5;0.7212314594428844
168.5;54.5;0.7907636283659881
168.5;55.5;0.8339125883307745
168.5;56.5;0.8434042952856949
168.5;57.5;0.7945167547597033
168.5;58.5;0.7054156507242881
168.5;59.5;0.6167012220355835
169.5;20.5;-0.057777279018663405
169.5;21.5;-0.09594584151892263
169.5;22.5;-0.12323870449949023
169.5;23.5;-0.20413114259268694
169.5;24.5;-0.3194069137578798
169.5;25.5;-0.44547802852888074
169.5;26.5;-0.5984457990913576
169.5;27.5;-0.7518644031548752
169.5;28.5;-0.9686641019012396
169.5;29.5;-1.1998348649571633
169.5;30.5;-1.3880744506907532
169.5;31.5;-1.4817301073145013
169.5;32.5;-1.5004846856585585
169.5;33.5;-1.480362208054494
169.5;34.5;-1.4447500889243177
169.5;35.5;-1.3911842992476362
169.5;36.5;-1.3555057480191244
169.5;37.5;-1.3297170409452481
169.5;38.5;-1.284464196360953
169.5;39.5;-1.2237181492815044
169.5;40.5;-1.1411825200276564
169.5;41.5;-1.099546404690962
169.5;42.5;-1.0010850171932735
169.5;43.5;-0.8387433979901839
169.5;44.5;-0.6544845833879707
169.5;45.5;-0.48765285976095607
169.5;46.5;-0.299556090534197
169.5;47.5;-0.0705288991975375
169.5;48.5;0.16909328121420744
169.5;49.5;0.3866182714563787
169.5;50.5;0.5387898346914719
169.5;51.5;0.6245644206304366
169.5;52.5;0.6776589732796948
169.5;53.5;0.7132154387274446
169.5;54.5;0.7904269786859575
169.5;55.5;0.8437164629646757
169.5;56.5;0.8499195614665003
169.5;57.5;0.81138419961245
169.5;58.5;0.736828157411049
169.5;59.5;0.6724237701323161
170.5;20.5;-0.07101470072110329
170.5;21.5;-0.09445869354565475
170.5;22.5;-0.11385419019419522
170.5;23.5;-0.20899182905316782
170.5;24.5;-0.305532289370656
170.5;25.5;-0.44034426279709316
170.5;26.5;-0.618724625049798
170.5;27.5;-0.7828015364149323
170.5;28.5;-1.0009125031022077
170.5;29.5;-1.2206945018724515
170.5;30.5;-1.4117351816180894
170.5;31.5;-1.506728484629432
170.5;32.5;-1.5361442215197705
170.5;33.5;-1.523255304340023
170.5;34.5;-1.4863899516051946
170.5;35.5;-1.412249746899698
170.5;36.5;-1.3583406345253584
170.5;37.5;-1.3421923971217518
170.5;38.5;-1.3011062088779155
170.5;39.5;-1.242224046358147
170.5;40.5;-1.1796971459561885
170.5;41.5;-1.1139287236332858
170.5;42.5;-1.0296859598264354
170.5;43.5;-0.8698803550122672
170.5;44.5;-0.6853753988067616
170.5;45.5;-0.5123032121573259
170.5;46.5;-0.30173539415537487
170.5;47.5;-0.07701695201765003
170.5;48.5;0.16563190959148708
170.5;49.5;0.39760441540737584
170.5;50.5;0.5492024123805795
170.5;51.5;0.6255802225409758
170.5;52.5;0.6693870874747703
170.5;53.5;0.7104274097671531
170.5;54.5;0.7825411176966854
170.5;55.5;0.8384059718694342
170.5;56.5;0.8558264591418903
170.5;57.5;0.8410624045968249
170.5;58.5;0.7615535346543565
170.5;59.5;0.7173960825569791
171.5;20.5;-0.05657233759616957
171.5;21.5;-0.08743206811618708
171.5;22.5;-0.10456384564653258
171.5;23.5;-0.2004805514105253
171.5;24.5;-0.31499456741488946
171.5;25.5;-0.4684382750802626
171.5;26.5;-0.6470454292053329
171.5;27.5;-0.8174223113968204
171.5;28.5;-1.0273856280933902
171.5;29.5;-1.2416806268127443
171.5;30.5;-1.4280644672023837
171.5;31.5;-1.5360524602442573
171.5;32.5;-1.5826627741230535
171.5;33.5;-1.5844255917579422
171.5;34.5;-1.5123044395286254
171.5;35.5;-1.4363732711844786
171.5;36.5;-1.3662832644197471
171.5;37.5;-1.3351943724759903
171.5;38.5;-1.3202116747293753
171.5;39.5;-1.2746387702260917
171.5;40.5;-1.199846164662376
171.5;41.5;-1.1315967324998053
171.5;42.5;-1.0338207948700189
171.5;43.5;-0.8898071697869415
171.5;44.5;-0.716697395100295
171.5;45.5;-0.5438923892975969
171.5;46.5;-0.3147063148097019
171.5;47.5;-0.0855473799083483
171.5;48.5;0.16349527221831048
171.5;49.5;0.39487962920042136
171.5;50.5;0.5488510827447145
171.5;51.5;0.6191468403739181
171.5;52.5;0.6656275294207156
171.5;53.5;0.7217872093078703
171.5;54.5;0.7756593060183508
171.5;55.5;0.8265952833007478
171.5;56.5;0.843260829846117
171.5;57.5;0.8354103937509693
171.5;58.5;0.7967269874823238
171.5;59.5;0.7548811606797748
172.5;20.5;-0.03290052036496273
172.5;21.5;-0.05856474679520453
172.5;22.5;-0.08889503004855814
172.5;23.5;-0.19181410375449684
172.5;24.5;-0.32299057831593514
172.5;25.5;-0.4990533596535383
172.5;26.5;-0.6812803808613677
172.5;27.5;-0.8580717673607509
172.5;28.5;-1.0502963827386766
172.5;29.5;-1.251464737118358
172.5;30.5;-1.4262328646559366
172.5;31.5;-1.5552148598324138
172.5;32.5;-1.6084867030260717
172.5;33.5;-1.6254197935797015
172.5;34.5;-1.5569895113786014
172.5;35.5;-1.460321725575995
172.5;36.5;-1.3751156589632008
172.5;37.5;-1.3489207308200744
172.5;38.5;-1.335170996724423
172.5;39.5;-1.2956710522225288
172.5;40.5;-1.2253001826468572
172.5;41.5;-1.152427426420355
172.5;42.5;-1.0510559729448778
172.5;43.5;-0.9109635354510781
172.5;44.5;-0.7427723931192877
172.5;45.5;-0.5621630827549751
172.5;46.5;-0.34146409480488465
172.5;47.5;-0.10777837612827205
172.5;48.5;0.15099382407631912
172.5;49.5;0.3862198100626639
172.5;50.5;0.5540582459956841
172.5;51.5;0.6292026656238087
172.5;52.5;0.65888011192215
172.5;53.5;0.7065364825291715
172.5;54.5;0.7468080910784959
172.5;55.5;0.7951988543794026
172.5;56.5;0.8356143148062637
172.5;57.5;0.8467650457318147
172.5;58.5;0.8240817896057062
172.5;59.5;0.8113652351826921
173.5;20.5;-0.01190868592647108
173.5;21.5;-0.020291809412039345
173.5;22.5;-0.06538203626917446
173.5;23.5;-0.19090545113857943
173.5;24.5;-0.33412557489356276
173.5;25.5;-0.5197996478371877
173.5;26.5;-0.7090459632344482
173.5;27.5;-0.8877468304292762
173.5;28.5;-1.077089962341874
173.5;29.5;-1.2501061894315868
173.5;30.5;-1.43769000883099
173.5;31.5;-1.5739254951869417
173.5;32.5;-1.6407788015016325
173.5;33.5;-1.6554204614811028
173.5;34.5;-1.5786164572123103
173.5;35.5;-1.465418331442085
173.5;36.5;-1.3863920423574136
173.5;37.5;-1.3608586079089073
173.5;38.5;-1.3618718221716548
173.5;39.5;-1.3325503754035277
173.5;40.5;-1.249368103964397
173.5;41.5;-1.154852550831002
173.5;42.5;-1.0597853347185222
173.5;43.5;-0.921979022577787
173.5;44.5;-0.7589821322821099
173.5;45.5;-0.5836868092704302
173.5;46.5;-0.3723726460754703
173.5;47.5;-0.14067352628128166
173.5;48.5;0.10771319445885401
173.5;49.5;0.3649663837020812
173.5;50.5;0.5497926505946561
173.5;51.5;0.6333963459483255
173.5;52.5;0.6668843070371565
173.5;53.5;0.7064379774740269
173.5;54.5;0.7492405936906326
173.5;55.5;0.811420229285991
173.5;56.5;0.8449448463317151
173.5;57.5;0.8541672930342601
173.5;58.5;0.846432385231939
173.5;59.5;0.8468454560442384
174.5;20.5;0.0186642155998459
174.5;21.5;-0.002702701782381355
174.5;22.5;-0.050905095576766014
174.5;23.5;-0.1745635582096785
174.5;24.5;-0.3363516482980785
174.5;25.5;-0.5316873877449013
174.5;26.5;-0.7397235722644923
174.5;27.5;-0.9185467905593856
174.5;28.5;-1.0956882829656365
174.5;29.5;-1.2553368159222253
174.5;30.5;-1.426412313129074
174.5;31.5;-1.5926593674912952
174.5;32.5;-1.6549461882191279
174.5;33.5;-1.665133619885321
174.5;34.5;-1.5984204310901162
174.5;35.5;-1.4785564613449234
174.5;36.5;-1.4154120899571734
174.5;37.5;-1.3821551142679167
174.5;38.5;-1.3866232004327632
174.5;39.5;-1.355848101381903
174.5;40.5;-1.2511491732492332
174.5;41.5;-1.1592863875541755
174.5;42.5;-1.0556005644766637
174.5;43.5;-0.9227036552410233
174.5;44.5;-0.7664428316399788
174.5;45.5;-0.5968263936375322
174.5;46.5;-0.39682624110789394
174.5;47.5;-0.16887428406809593
174.5;48.5;0.08397269401184826
174.5;49.5;0.34437911849917646
174.5;50.5;0.5372642470328276
174.5;51.5;0.6381588096666594
174.5;52.5;0.6888960610122434
174.5;53.5;0.7305980380056789
174.5;54.5;0.7738521162047133
174.5;55.5;0.8247821921500621
174.5;56.5;0.8601562916474129
174.5;57.5;0.8670515941010688
174.5;58.5;0.8716268611630652
174.5;59.5;0.8705910724302064
175.5;20.5;0.046859398382673764
175.5;21.5;0.009435580719326977
175.5;22.5;-0.03849532205497094
175.5;23.5;-0.14758916462551383
175.5;24.5;-0.31536636665874773
175.5;25.5;-0.5265000383900277
175.5;26.5;-0.7451428987381596
175.5;27.5;-0.9386808719503058
175.5;28.5;-1.1059379919100567
175.5;29.5;-1.2586300407948212
175.5;30.5;-1.4212429764837184
175.5;31.5;-1.5922405688381072
175.5;32.5;-1.667629109509689
175.5;33.5;-1.6799003623952302
175.5;34.5;-1.6233421471388114
175.5;35.5;-1.5060818372771079
175.5;36.5;-1.455010077772187
175.5;37.5;-1.4231193265473814
175.5;38.5;-1.4137574888202722
175.5;39.5;-1.3730107199597033
175.5;40.5;-1.2576024663568761
175.5;41.5;-1.152633701646982
175.5;42.5;-1.0426197356988653
175.5;43.5;-0.917806269020496
175.5;44.5;-0.7661836319875955
175.5;45.5;-0.6037440356741509
175.5;46.5;-0.42140904757144887
175.5;47.5;-0.1902216957621282
175.5;48.5;0.060731709731178585
175.5;49.5;0.3164867463033834
175.5;50.5;0.5306817449617712
175.5;51.5;0.6496706004767873
175.5;52.5;0.6979550011064966
175.5;53.5;0.7545464679196556
175.5;54.5;0.8044339421916537
175.5;55.5;0.8618428136507208
175.5;56.5;0.8922615252732691
175.5;57.5;0.9172637703534408
175.5;58.5;0.9032985798125045
175.5;59.5;0.901638892586714
176.5;20.5;0.07223873565039861
176.5;21.5;0.031212301616134485
176.5;22.5;-0.03019534118842328
176.5;23.5;-0.11618181786363935
176.5;24.5;-0.2810800444348928
176.5;25.5;-0.5019119208470847
176.5;26.5;-0.7292895782030062
176.5;27.5;-0.9409317368048854
176.5;28.5;-1.1175114555357715
176.5;29.5;-1.2781646704688772
176.5;30.5;-1.425904399992076
176.5;31.5;-1.5869232584028126
176.5;32.5;-1.6816907384124447
176.5;33.5;-1.6907889566615095
176.5;34.5;-1.6450081398519159
176.5;35.5;-1.5441250430929292
176.5;36.5;-1.4839360090420772
176.5;37.5;-1.4734262689685216
176.5;38.5;-1.4457119934531562
176.5;39.5;-1.387509331423846
176.5;40.5;-1.2611669521154705
176.5;41.5;-1.1377952877436484
176.5;42.5;-1.0251871002083666
176.5;43.5;-0.9101705245428743
176.5;44.5;-0.7685776284983347
176.5;45.5;-0.6123134154207686
176.5;46.5;-0.4305409608207795
176.5;47.5;-0.21473767153856113
176.5;48.5;0.0344643080918447
176.5;49.5;0.3203227692550574
176.5;50.5;0.5332784713889079
176.5;51.5;0.6573498467720749
176.5;52.5;0.7202076995183289
176.5;53.5;0.7839646827375434
176.5;54.5;0.8504102973939812
176.5;55.5;0.9089271651048132
176.5;56.5;0.9481189390497405
176.5;57.5;0.9554480354404769
176.5;58.5;0.9375448297648632
176.5;59.5;0.9239715567678837
177.5;20.5;0.10426229529624227
177.5;21.5;0.057919568131947846
177.5;22.5;-0.0064630503972641805
177.5;23.5;-0.09635888834736372
177.5;24.5;-0.2308207272912155
177.5;25.5;-0.46883020627929384
177.5;26.5;-0.7127297438710568
177.5;27.5;-0.9342309214575524
177.5;28.5;-1.115691025783013
177.5;29.5;-1.2864087107127702
177.5;30.5;-1.4267569608814743
177.5;31.5;-1.5859045055095078
177.5;32.5;-1.6856305524623416
177.5;33.5;-1.715691852127984
177.5;34.5;-1.6816112243882377
177.5;35.5;-1.580496790036208
177.5;36.5;-1.5287822419179191
177.5;37.5;-1.494984246252797
177.5;38.5;-1.470269413100874
177.5;39.5;-1.3944411915040418
177.5;40.5;-1.2576267397594918
177.5;41.5;-1.1191961101396548
177.5;42.5;-0.9980466376763665
177.5;43.5;-0.892016314897237
177.5;44.5;-0.7635168783772665
177.5;45.5;-0.6088530962885751
177.5;46.5;-0.43771937317055726
177.5;47.5;-0.22476309064640032
177.5;48.5;0.022176487819346166
177.5;49.5;0.3154769585016978
177.5;50.5;0.5306030745763436
177.5;51.5;0.6624068983891748
177.5;52.5;0.7382579341963496
177.5;53.5;0.8093407217297901
177.5;54.5;0.8817874031488357
177.5;55.5;0.954123361720983
177.5;56.5;1.001571644390342
177.5;57.5;1.0044633349120606
177.5;58.5;0.978394943659441
177.5;59.5;0.9537940507124536
178.5;20.5;0.14895645800886484
178.5;21.5;0.09093331664600464
178.5;22.5;0.007047549457766702
178.5;23.5;-0.07354710955067001
178.5;24.5;-0.21827760844991653
178.5;25.5;-0.4391415624293885
178.5;26.5;-0.685454014554789
178.5;27.5;-0.9145103380256034
178.5;28.5;-1.1089875829805715
178.5;29.5;-1.2852374140954665
178.5;30.5;-1.4343957724126324
178.5;31.5;-1.5986486406709453
178.5;32.5;-1.6959463615502564
178.5;33.5;-1.7397048974463363
178.5;34.5;-1.705362073600792
178.5;35.5;-1.6200746069341778
178.5;36.5;-1.5607582049313269
178.5;37.5;-1.51939664316764
178.5;38.5;-1.478936889814749
178.5;39.5;-1.3919112624267398
178.5;40.5;-1.2553648363429843
178.5;41.5;-1.1047233659515272
178.5;42.5;-0.9722114139945519
178.5;43.5;-0.8740768220170052
178.5;44.5;-0.7418525420058489
178.5;45.5;-0.599786936475704
178.5;46.5;-0.435853791093199
178.5;47.5;-0.22952618407303085
178.5;48.5;0.01774489608073442
178.5;49.5;0.3047849464648373
178.5;50.5;0.5507206771206754
178.5;51.5;0.6942167895334728
178.5;52.5;0.7776187115382582
178.5;53.5;0.8550336576010957
178.5;54.5;0.9247086481741211
178.5;55.5;0.9989000715634758
178.5;56.5;1.046824012050961
178.5;57.5;1.0535860111894
178.5;58.5;1.020368848267965
178.5;59.5;0.9977397044716739
179.5;20.5;0.1813613179140524
179.5;21.5;0.12772828134493638
179.5;22.5;0.029595659833495293
179.5;23.5;-0.06384020344307348
179.5;24.5;-0.21482638474650115
179.5;25.5;-0.4328711223632858
179.5;26.5;-0.666329604087306
179.5;27.5;-0.9006607396717901
179.5;28.5;-1.1025634629046588
179.5;29.5;-1.280527742474614
179.5;30.5;-1.4409126332557993
179.5;31.5;-1.6073900633872007
179.5;32.5;-1.7001808534079266
179.5;33.5;-1.7506452553383862
179.5;34.5;-1.722029125979209
179.5;35.5;-1.639077820258332
179.5;36.5;-1.5891348845907998
179.5;37.5;-1.5358644958050833
179.5;38.5;-1.4809357633676563
179.5;39.5;-1.387079345836175
179.5;40.5;-1.2557317365373897
179.5;41.5;-1.0997171286055931
179.5;42.5;-0.963536468439844
179.5;43.5;-0.8554053153084474
179.5;44.5;-0.7233637774260749
179.5;45.5;-0.5827639521057254
179.5;46.5;-0.4333616054044626
179.5;47.5;-0.22847844624143698
179.5;48.5;0.01613971440997633
179.5;49.5;0.3077060943349573
179.5;50.5;0.5675038720023587
179.5;51.5;0.728093781972753
179.5;52.5;0.8106946555245934
179.5;53.5;0.895973688092209
179.5;54.5;0.9533128094416086
179.5;55.5;1.0241492244479604
179.5;56.5;1.0601431789202458
179.5;57.5;1.086677964442229
179.5;58.5;1.0663473742591871
179.5;59.5;1.0302643345339426
180.5;20.5;0.22206608459613028
180.5;21.5;0.16544763194567827
180.5;22.5;0.058698591125232034
180.5;23.5;-0.06019946891837739
180.5;24.5;-0.22428042907732207
180.5;25.5;-0.42990043774161846
180.5;26.5;-0.6537984522538389
180.5;27.5;-0.8815346321832566
180.5;28.5;-1.0897251895922508
180.5;29.5;-1.2757733067048689
180.5;30.5;-1.445161769804698
180.5;31.5;-1.5982032256693135
180.5;32.5;-1.6925202458653585
180.5;33.5;-1.7538068171086552
180.5;34.5;-1.7210652313470451
180.5;35.5;-1.6543816390343333
180.5;36.5;-1.588691831242895
180.5;37.5;-1.5405129205581485
180.5;38.5;-1.4795554372282675
180.5;39.5;-1.3871950227129892
180.5;40.5;-1.2551586218535835
180.5;41.5;-1.1109018401890538
180.5;42.5;-0.9549713708176503
180.5;43.5;-0.832171074534106
180.5;44.5;-0.6983529652271238
180.5;45.5;-0.5697727484617467
180.5;46.5;-0.4209465692803539
180.5;47.5;-0.21803903208055506
180.5;48.5;0.020708215179699032
180.5;49.5;0.32609137189041676
180.5;50.5;0.5928650399169139
180.5;51.5;0.7564401881442039
180.5;52.5;0.853296934356392
180.5;53.5;0.9427479724892865
180.5;54.5;1.0047536885831285
180.5;55.5;1.0484912938993476
180.5;56.5;1.0851211449434413
180.5;57.5;1.1134120055830554
180.5;58.5;1.0907993036598989
180.5;59.5;1.0504165165187624
181.5;20.5;0.2567862371807195
181.5;21.5;0.19600761140070416
181.5;22.5;0.09138411139979609
181.5;23.5;-0.04566428917378504
181.5;24.5;-0.22607191621955777
181.5;25.5;-0.4256559500009724
181.5;26.5;-0.6251447238426432
181.5;27.5;-0.8643128973075406
181.5;28.5;-1.0684126041548818
181.5;29.5;-1.263989786773851
181.5;30.5;-1.4424403268295989
181.5;31.5;-1.594235050336166
181.5;32.5;-1.6901290846444583
181.5;33.5;-1.7380035275552443
181.5;34.5;-1.7327634272860055
181.5;35.5;-1.658545331870894
181.5;36.5;-1.5781961289560524
181.5;37.5;-1.5387845287191904
181.5;38.5;-1.4783034700692312
181.5;39.5;-1.389375061094288
181.5;40.5;-1.2550199340567998
181.5;41.5;-1.116502980596003
181.5;42.5;-0.956038129430621
181.5;43.5;-0.8191734830130593
181.5;44.5;-0.6702067363170404
181.5;45.5;-0.5370441360166259
181.5;46.5;-0.3981178372038175
181.5;47.5;-0.20186257060580162
181.5;48.5;0.04186282209983189
181.5;49.5;0.3408964019153311
181.5;50.5;0.6248988852014449
181.5;51.5;0.7919056750632714
181.5;52.5;0.9050848599276134
181.5;53.5;0.9922737481760171
181.5;54.5;1.0529838750355596
181.5;55.5;1.083391458771961
181.5;56.5;1.121176080230895
181.5;57.5;1.1317359040150368
181.5;58.5;1.1029628384965144
181.5;59.5;1.0527660022966066
182.5;20.5;0.27803200040869047
182.5;21.5;0.2181195539161268
182.5;22.5;0.1130450963227338
182.5;23.5;-0.02879714647911749
182.5;24.5;-0.224500303105455
182.5;25.5;-0.42340439225308923
182.5;26.5;-0.6109244141021212
182.5;27.5;-0.8404655953395181
182.5;28.5;-1.0665813244601923
182.5;29.5;-1.2645020174923791
182.5;30.5;-1.4426827265425806
182.5;31.5;-1.5906215241987016
182.5;32.5;-1.6834932528520572
182.5;33.5;-1.745156388043506
182.5;34.5;-1.7202109018775975
182.5;35.5;-1.639891890709896
182.5;36.5;-1.5715343520144716
182.5;37.5;-1.5269923552296145
182.5;38.5;-1.4774303916796072
182.5;39.5;-1.3826204133483968
182.5;40.5;-1.2498850186479473
182.5;41.5;-1.119785533257015
182.5;42.5;-0.9534666479879782
182.5;43.5;-0.8015067599202933
182.5;44.5;-0.641534774125879
182.5;45.5;-0.5027641310481088
182.5;46.5;-0.37369456388522726
182.5;47.5;-0.17704174920924098
182.5;48.5;0.06483257733113444
182.5;49.5;0.38495027617689725
182.5;50.5;0.6755304746189531
182.5;51.5;0.8441729847270437
182.5;52.5;0.9623782200154545
182.5;53.5;1.0436763922515115
182.5;54.5;1.0917334631996065
182.5;55.5;1.1067944608220266
182.5;56.5;1.1415840616222768
182.5;57.5;1.1404790401002345
182.5;58.5;1.1133822848586405
182.5;59.5;1.0502247688660675
183.5;20.5;0.3053492975784146
183.5;21.5;0.23223552074240056
183.5;22.5;0.12963040406493215
183.5;23.5;-0.027642315832315037
183.5;24.5;-0.2305634132981858
183.5;25.5;-0.4188077544501716
183.5;26.5;-0.6092818504722078
183.5;27.5;-0.8379884300026984
183.5;28.5;-1.077271904504715
183.5;29.5;-1.2719593027458507
183.5;30.5;-1.435127596971977
183.5;31.5;-1.592597373279137
183.5;32.5;-1.6879843077370948
183.5;33.5;-1.7492782009297827
183.5;34.5;-1.7281390461992954
183.5;35.5;-1.6382894161871226
183.5;36.5;-1.5710756318617725
183.5;37.5;-1.5113867191981878
183.5;38.5;-1.4614936331181159
183.5;39.5;-1.3696258126375591
183.5;40.5;-1.257270699994446
183.5;41.5;-1.1237084437611995
183.5;42.5;-0.9553402127747651
183.5;43.5;-0.7893946193497899
183.5;44.5;-0.6230218785412008
183.5;45.5;-0.46806651331596266
183.5;46.5;-0.3312828290869175
183.5;47.5;-0.1450302710099425
183.5;48.5;0.10975212486121609
183.5;49.5;0.42798278179767507
183.5;50.5;0.7155366546609847
183.5;51.5;0.8842176945056609
183.5;52.5;1.0035405282840761
183.5;53.5;1.0984808977776388
183.5;54.5;1.121435373474666
183.5;55.5;1.1440956121002408
183.5;56.5;1.1499166757647432
183.5;57.5;1.150143867974456
183.5;58.5;1.1185473173185105
183.5;59.5;1.054904634927596
184.5;20.5;0.32796881591187343
184.5;21.5;0.24537224544429387
184.5;22.5;0.13810091849787148
184.5;23.5;-0.0072610602542496575
184.5;24.5;-0.2050712552588133
184.5;25.5;-0.40980720824483985
184.5;26.5;-0.6118121522750699
184.5;27.5;-0.8461848363921803
184.5;28.5;-1.089320490553373
184.5;29.5;-1.2697477522080207
184.5;30.5;-1.4379825540790474
184.5;31.5;-1.5951641188877508
184.5;32.5;-1.700234860642806
184.5;33.5;-1.7445175590316675
184.5;34.5;-1.7139431412299144
184.5;35.5;-1.6416561547801651
184.5;36.5;-1.5658065304608513
184.5;37.5;-1.5133623778998533
184.5;38.5;-1.4450300122431896
184.5;39.5;-1.3609040372981904
184.5;40.5;-1.2626719016556633
184.5;41.5;-1.1236623901915248
184.5;42.5;-0.9627726032560616
184.5;43.5;-0.7845012328394181
184.5;44.5;-0.5887881400595836
184.5;45.5;-0.4328550853260095
184.5;46.5;-0.29570421773573025
184.5;47.5;-0.09569985303622529
184.5;48.5;0.14697642612225004
184.5;49.5;0.4601537014460306
184.5;50.5;0.7572304328387135
184.5;51.5;0.9311688108806522
184.5;52.5;1.0540901378597203
184.5;53.5;1.1349010333002036
184.5;54.5;1.1526981421741025
184.5;55.5;1.1583275672773912
184.5;56.5;1.1632029742091123
184.5;57.5;1.1568688177585065
184.5;58.5;1.1179488619569882
184.5;59.5;1.0561719292068954
185.5;20.5;0.3652996823777327
185.5;21.5;0.2637012835944983
185.5;22.5;0.14632689841689564
185.5;23.5;0.010248252689702012
185.5;24.5;-0.18215045531278953
185.5;25.5;-0.4024747395726369
185.5;26.5;-0.624100318824471
185.5;27.5;-0.8692830353313783
185.5;28.5;-1.105870567877342
185.5;29.5;-1.2815647930821115
185.5;30.5;-1.434260577084153
185.5;31.5;-1.5957453470607998
185.5;32.5;-1.7093348672106592
185.5;33.5;-1.7474441589740737
185.5;34.5;-1.7173005515556805
185.5;35.5;-1.6383618090570704
185.5;36.5;-1.5587240784864236
185.5;37.5;-1.5077537578565186
185.5;38.5;-1.426470996875929
185.5;39.5;-1.3416665915368544
185.5;40.5;-1.2565411842812366
185.5;41.5;-1.129974188606647
185.5;42.5;-0.9682037713713216
185.5;43.5;-0.7766339697111604
185.5;44.5;-0.5646922819440391
185.5;45.5;-0.4036572419235459
185.5;46.5;-0.2513802076072482
185.5;47.5;-0.05314806566173394
185.5;48.5;0.19584469074080563
185.5;49.5;0.5022443546337193
185.5;50.5;0.7962100371889956
185.5;51.5;0.9719632523280163
185.5;52.5;1.0884033735796945
185.5;53.5;1.166195894168548
185.5;54.5;1.1849031913891468
185.5;55.5;1.1831297164886414
185.5;56.5;1.1716069246938465
185.5;57.5;1.1509266771804951
185.5;58.5;1.1082552516003377
185.5;59.5;1.0402824438859728
186.5;20.5;0.4025053392097742
186.5;21.5;0.2862354601953166
186.5;22.5;0.15835583480920204
186.5;23.5;0.027583617307778904
186.5;24.5;-0.1558699727303448
186.5;25.5;-0.3942257506664378
186.5;26.5;-0.6413251396280099
186.5;27.5;-0.8892789997598682
186.5;28.5;-1.118843515269086
186.5;29.5;-1.2858340907675192
186.5;30.5;-1.4402784656093013
186.5;31.5;-1.6023695271495146
186.5;32.5;-1.7103383001112247
186.5;33.5;-1.7526090486853567
186.5;34.5;-1.726545876964727
186.5;35.5;-1.6475312200051475
186.5;36.5;-1.5634750917880587
186.5;37.5;-1.4995082813015277
186.5;38.5;-1.4169973069874584
186.5;39.5;-1.3311031583855968
186.5;40.5;-1.251564826647296
186.5;41.5;-1.1347242110782971
186.5;42.5;-0.9681760949559117
186.5;43.5;-0.7708361357198258
186.5;44.5;-0.5504630457170536
186.5;45.5;-0.37914835369661054
186.5;46.5;-0.21375658217059346
186.5;47.5;-0.026944954733325588
186.5;48.5;0.23278193978409045
186.5;49.5;0.5313036386900487
186.5;50.5;0.8245205819614487
186.5;51.5;1.010323949276964
186.5;52.5;1.124302136691227
186.5;53.5;1.1858458893428399
186.5;54.5;1.2106708767590941
186.5;55.5;1.1983857486703513
186.5;56.5;1.174661688418908
186.5;57.5;1.139003259492413
186.5;58.5;1.0950046998320502
186.5;59.5;1.007396039672713
187.5;20.5;0.4472350316234924
187.5;21.5;0.32595628661399234
187.5;22.5;0.1847257673254555
187.5;23.5;0.04200327717357382
187.5;24.5;-0.1515163474948477
187.5;25.5;-0.3843929631273358
187.5;26.5;-0.6600362192286641
187.5;27.5;-0.9064451439039298
187.5;28.5;-1.1182842269050026
187.5;29.5;-1.280749353564174
187.5;30.5;-1.4474419823931925
187.5;31.5;-1.5985080225225037
187.5;32.5;-1.710731417569415
187.5;33.5;-1.7466633160728942
187.5;34.5;-1.7338039610776317
187.5;35.5;-1.6628743305087497
187.5;36.5;-1.5668087688786432
187.5;37.5;-1.4954512800211741
187.5;38.5;-1.4161601325258797
187.5;39.5;-1.3317501313466429
187.5;40.5;-1.2446214198649097
187.5;41.5;-1.1388654318035283
187.5;42.5;-0.955921204719467
187.5;43.5;-0.7665603383688984
187.5;44.5;-0.5439950802803616
187.5;45.5;-0.36615761653330303
187.5;46.5;-0.18481152764795916
187.5;47.5;0.016025097910955764
187.5;48.5;0.258849519979047
187.5;49.5;0.567501116411814
187.5;50.5;0.8470309422436606
187.5;51.5;1.0429135081100134
187.5;52.5;1.1460411557356929
187.5;53.5;1.2044786445058429
187.5;54.5;1.2245367060288577
187.5;55.5;1.2053046219004915
187.5;56.5;1.1700128057138535
187.5;57.5;1.1309605709604527
187.5;58.5;1.0641703124741964
187.5;59.5;0.9760555376465966
188.5;20.5;0.48570584605930484
188.5;21.5;0.37837922666310986
188.5;22.5;0.21957101244018873
188.5;23.5;0.054294560668218396
188.5;24.5;-0.14417473933640493
188.5;25.5;-0.40096476661241093
188.5;26.5;-0.6734190804297296
188.5;27.5;-0.9203581967035853
188.5;28.5;-1.1112344125995293
188.5;29.5;-1.2838435248489621
188.5;30.5;-1.4398967049683784
188.5;31.5;-1.5926358431162186
188.5;32.5;-1.6974258829680042
188.5;33.5;-1.7376263415624036
188.5;34.5;-1.7335213272451861
188.5;35.5;-1.6712675109764052
188.5;36.5;-1.5765155447838193
188.5;37.5;-1.4899511242111818
188.5;38.5;-1.4056224844624128
188.5;39.5;-1.3206422113520047
188.5;40.5;-1.2338087683203263
188.5;41.5;-1.1288078828584045
188.5;42.5;-0.9645569977277739
188.5;43.5;-0.7679437957440752
188.5;44.5;-0.537854592891477
188.5;45.5;-0.3557225609207049
188.5;46.5;-0.16024096741463495
188.5;47.5;0.032496583179397596
188.5;48.5;0.28363171356904393
188.5;49.5;0.5905027131230537
188.5;50.5;0.8730636490533091
188.5;51.5;1.0624126842041304
188.5;52.5;1.1609825268199392
188.5;53.5;1.2120921681320043
188.5;54.5;1.2333331310732705
188.5;55.5;1.2080363148567586
188.5;56.5;1.1742705303103
188.5;57.5;1.1226648861962407
188.5;58.5;1.0365378052999823
188.5;59.5;0.9522837470828013
189.5;20.5;0.5310439751858445
189.5;21.5;0.430545823662955
189.5;22.5;0.27224567520669274
189.5;23.5;0.07584495523712065
189.5;24.5;-0.13557132183189122
189.5;25.5;-0.4055913920221529
189.5;26.5;-0.6819483163351423
189.5;27.5;-0.9215294896457202
189.5;28.5;-1.1044501965404825
189.5;29.5;-1.282660375294697
189.5;30.5;-1.438095219974507
189.5;31.5;-1.5806588635362484
189.5;32.5;-1.6881787995997752
189.5;33.5;-1.7280123716719988
189.5;34.5;-1.7211938371469275
189.5;35.5;-1.672563694688401
189.5;36.5;-1.586614434962334
189.5;37.5;-1.4880311711612604
189.5;38.5;-1.410004405207708
189.5;39.5;-1.3182601466032988
189.5;40.5;-1.228464286518958
189.5;41.5;-1.1253423690803446
189.5;42.5;-0.9529926745343892
189.5;43.5;-0.7634769183918666
189.5;44.5;-0.5352604537557263
189.5;45.5;-0.34068542207402447
189.5;46.5;-0.1392269627522284
189.5;47.5;0.043826494252239424
189.5;48.5;0.2976880220757145
189.5;49.5;0.595856707863681
189.5;50.5;0.8860888211689811
189.5;51.5;1.0739822446801328
189.5;52.5;1.1764243407039077
189.5;53.5;1.2186417199270305
189.5;54.5;1.2341544064798387
189.5;55.5;1.2158356534908787
189.5;56.5;1.1666206429723345
189.5;57.5;1.107848156158521
189.5;58.5;1.0232680695602951
189.5;59.5;0.9473825758619672
190.5;20.5;0.5728466197807848
190.5;21.5;0.4860475390213757
190.5;22.5;0.32400425298106356
190.5;23.5;0.09842670132410127
190.5;24.5;-0.1450014496667848
190.5;25.5;-0.4196133049243971
190.5;26.5;-0.6985784467038267
190.5;27.5;-0.9189260402611785
190.5;28.5;-1.096103810351606
190.5;29.5;-1.2628657099073641
190.5;30.5;-1.4397534215459753
190.5;31.5;-1.5724398423073747
190.5;32.5;-1.6740624582091708
190.5;33.5;-1.7134594985224856
190.5;34.5;-1.7166443119756412
190.5;35.5;-1.6758141064946632
190.5;36.5;-1.5986384370377438
190.5;37.5;-1.4941341943979112
190.5;38.5;-1.4023932701368371
190.5;39.5;-1.3187831231126066
190.5;40.5;-1.2244481235019737
190.5;41.5;-1.1239139243804566
190.5;42.5;-0.9485448815781229
190.5;43.5;-0.7542036645877164
190.5;44.5;-0.5332215692365525
190.5;45.5;-0.3374376027461056
190.5;46.5;-0.12853793653559908
190.5;47.5;0.06454907128749188
190.5;48.5;0.3169775650546735
190.5;49.5;0.6120533262406299
190.5;50.5;0.895470306627102
190.5;51.5;1.0868558943812503
190.5;52.5;1.1855104954045135
190.5;53.5;1.2251241033176898
190.5;54.5;1.2381280770328533
190.5;55.5;1.209661056198715
190.5;56.5;1.1614284695496448
190.5;57.5;1.0983623804128164
190.5;58.5;1.0230806336330092
190.5;59.5;0.9486561294583897
191.5;20.5;0.6237231934903971
191.5;21.5;0.5360746298016006
191.5;22.5;0.3796772143315925
191.5;23.5;0.12109086277448451
191.5;24.5;-0.13995572301398965
191.5;25.5;-0.41511949582273777
191.5;26.5;-0.6817718148748821
191.5;27.5;-0.9057534460400163
191.5;28.5;-1.0835556964387145
191.5;29.5;-1.2524539332784896
191.5;30.5;-1.4365327041891502
191.5;31.5;-1.565011946835934
191.5;32.5;-1.6551221271934347
191.5;33.5;-1.6915069348137468
191.5;34.5;-1.7084469750553215
191.5;35.5;-1.6765898588373715
191.5;36.5;-1.5986022434367928
191.5;37.5;-1.5077717974458862
191.5;38.5;-1.423618131205598
191.5;39.5;-1.3342786537764857
191.5;40.5;-1.2361766450998608
191.5;41.5;-1.1317004533619568
191.5;42.5;-0.9555581006720713
191.5;43.5;-0.757086522697291
191.5;44.5;-0.543932044975755
191.5;45.5;-0.32838468981648294
191.5;46.5;-0.12458313022369825
191.5;47.5;0.08800463031117753
191.5;48.5;0.3328680264608103
191.5;49.5;0.6173116320927463
191.5;50.5;0.896320724052008
191.5;51.5;1.094077318238033
191.5;52.5;1.1902802098572576
191.5;53.5;1.2324088341987451
191.5;54.5;1.2351741575353723
191.5;55.5;1.213725887169796
191.5;56.5;1.1636221290117728
191.5;57.5;1.102999717903905
191.5;58.5;1.0375263760587476
191.5;59.5;0.9627352115349843
192.5;20.5;0.679273497070378
192.5;21.5;0.5917475240407142
192.5;22.5;0.4203262481926038
192.5;23.5;0.15665296735290574
192.5;24.5;-0.14099210723129788
192.5;25.5;-0.4048577218685304
192.5;26.5;-0.659508917402372
192.5;27.5;-0.8827801031880274
192.5;28.5;-1.069230177780584
192.5;29.5;-1.2462155657427643
192.5;30.5;-1.4257304790382022
192.5;31.5;-1.5682543414035437
192.5;32.5;-1.6436403729111357
192.5;33.5;-1.6758549234416011
192.5;34.5;-1.694155497585927
192.5;35.5;-1.675550043329948
192.5;36.5;-1.604850108184967
192.5;37.5;-1.5085987681493145
192.5;38.5;-1.429279754231554
192.5;39.5;-1.3419973617854963
192.5;40.5;-1.2457842073750023
192.5;41.5;-1.142401973980867
192.5;42.5;-0.9644452192467562
192.5;43.5;-0.7668339241511569
192.5;44.5;-0.5540803143788906
192.5;45.5;-0.3296855469542872
192.5;46.5;-0.10528387436377637
192.5;47.5;0.10336605746134628
192.5;48.5;0.35167067860339424
192.5;49.5;0.6263548887452297
192.5;50.5;0.8805900974441597
192.5;51.5;1.1018273165179844
192.5;52.5;1.1990158715259
192.5;53.5;1.2361094214459174
192.5;54.5;1.2389570709606206
192.5;55.5;1.2055582476556626
192.5;56.5;1.172912710525336
192.5;57.5;1.114711044024917
192.5;58.5;1.0542515516158553
192.5;59.5;0.9878243337454884
193.5;20.5;0.7287416472257997
193.5;21.5;0.6295185576198266
193.5;22.5;0.45346509048454686
193.5;23.5;0.19046610532501201
193.5;24.5;-0.11830101035933538
193.5;25.5;-0.39840384554328556
193.5;26.5;-0.6485004367092093
193.5;27.5;-0.8708773199273879
193.5;28.5;-1.057614157211823
193.5;29.5;-1.238880174111929
193.5;30.5;-1.4161194237920407
193.5;31.5;-1.5470494156546657
193.5;32.5;-1.6352465718121325
193.5;33.5;-1.6596673322328523
193.5;34.5;-1.6694542614981038
193.5;35.5;-1.6640423182540276
193.5;36.5;-1.6087612052264137
193.5;37.5;-1.519362566736868
193.5;38.5;-1.4348948605450202
193.5;39.5;-1.3407496354182282
193.5;40.5;-1.2490719345533514
193.5;41.5;-1.1461482020212737
193.5;42.5;-0.9794236079307502
193.5;43.5;-0.7669588044350331
193.5;44.5;-0.5595814697576716
193.5;45.5;-0.32767849455345727
193.5;46.5;-0.10624326508843646
193.5;47.5;0.13436705157557446
193.5;48.5;0.3697875947559742
193.5;49.5;0.6427670128531553
193.5;50.5;0.8901268487497631
193.5;51.5;1.0968291182651668
193.5;52.5;1.2057190713483823
193.5;53.5;1.242201766862953
193.5;54.5;1.232202291329565
193.5;55.5;1.2094874111384746
193.5;56.5;1.1821609067219092
193.5;57.5;1.1229664851719017
193.5;58.5;1.0755456857625798
193.5;59.5;1.0122999823734098
194.5;20.5;0.7595552421202211
194.5;21.5;0.6600855007658719
194.5;22.5;0.48737486590083845
194.5;23.5;0.228203280939212
194.5;24.5;-0.08608980168894766
194.5;25.5;-0.3843624315945768
194.5;26.5;-0.6368259286096817
194.5;27.5;-0.8602833482650277
194.5;28.5;-1.0572502933113053
194.5;29.5;-1.2356645023069455
194.5;30.5;-1.4016631793535503
194.5;31.5;-1.5331472113452302
194.5;32.5;-1.618522988371256
194.5;33.5;-1.6510345890136506
194.5;34.5;-1.6563131007312004
194.5;35.5;-1.64760439760348
194.5;36.5;-1.6044999261889894
194.5;37.5;-1.5312235178307128
194.5;38.5;-1.434736873717882
194.5;39.5;-1.3460087262732736
194.5;40.5;-1.249187556607792
194.5;41.5;-1.1359055226817942
194.5;42.5;-0.968432974499417
194.5;43.5;-0.7741963892063148
194.5;44.5;-0.5663843184420485
194.5;45.5;-0.3248277701723043
194.5;46.5;-0.09301060670777905
194.5;47.5;0.15166343170105875
194.5;48.5;0.4042794109710325
194.5;49.5;0.6606780234407197
194.5;50.5;0.8979085900796697
194.5;51.5;1.105597275079236
194.5;52.5;1.2179862657908713
194.5;53.5;1.2468129825894736
194.5;54.5;1.2371573965755862
194.5;55.5;1.2183828643316006
194.5;56.5;1.1917748492850968
194.5;57.5;1.13615433482142
194.5;58.5;1.0947704513381356
194.5;59.5;1.0288982953075745
195.5;20.5;0.8008600069728773
195.5;21.5;0.6842074354422314
195.5;22.5;0.5290710066717657
195.5;23.5;0.2866544924106459
195.5;24.5;-0.0332678903655695
195.5;25.5;-0.3605051423765828
195.5;26.5;-0.6185073553615719
195.5;27.5;-0.8506751880644665
195.5;28.5;-1.0520758707098794
195.5;29.5;-1.2226864827011739
195.5;30.5;-1.3773228998295628
195.5;31.5;-1.5172103394412286
195.5;32.5;-1.6025306549022023
195.5;33.5;-1.6310919777265442
195.5;34.5;-1.6468177779732462
195.5;35.5;-1.6334965472579779
195.5;36.5;-1.5984162262686599
195.5;37.5;-1.53416436772914
195.5;38.5;-1.4404124835103018
195.5;39.5;-1.3489137410866676
195.5;40.5;-1.243735333929696
195.5;41.5;-1.1226484956134954
195.5;42.5;-0.9545560915767066
195.5;43.5;-0.764260953193571
195.5;44.5;-0.5548957274286644
195.5;45.5;-0.32184283494607685
195.5;46.5;-0.07550164372568284
195.5;47.5;0.1888059947392811
195.5;48.5;0.43692245110279454
195.5;49.5;0.6861146746791343
195.5;50.5;0.9137294825944082
195.5;51.5;1.1038484829098378
195.5;52.5;1.2198162282336835
195.5;53.5;1.2550440070335025
195.5;54.5;1.249601608244185
195.5;55.5;1.2249604649156782
195.5;56.5;1.1950952302366877
195.5;57.5;1.156483809336757
195.5;58.5;1.1175326860003403
195.5;59.5;1.0467689233589492
196.5;20.5;0.8587946770489854
196.5;21.5;0.7353749636956587
196.5;22.5;0.5722696081361632
196.5;23.5;0.34992602052150323
196.5;24.5;0.0240069102440579
196.5;25.5;-0.3185920106727441
196.5;26.5;-0.5980975243928871
196.5;27.5;-0.8305884470869412
196.5;28.5;-1.0420687344773067
196.5;29.5;-1.223913110381406
196.5;30.5;-1.3740095665658933
196.5;31.5;-1.5002205578849022
196.5;32.5;-1.5835523091376564
196.5;33.5;-1.6101248622625586
196.5;34.5;-1.6217515080859757
196.5;35.5;-1.6278654442074418
196.5;36.5;-1.5848611868511109
196.5;37.5;-1.5303190743488229
196.5;38.5;-1.44138668001548
196.5;39.5;-1.3477993883307762
196.5;40.5;-1.2352122245816783
196.5;41.5;-1.111727407613574
196.5;42.5;-0.9457800056595649
196.5;43.5;-0.7382129249770114
196.5;44.5;-0.5340803393411804
196.5;45.5;-0.30383353847772365
196.5;46.5;-0.03933859201265386
196.5;47.5;0.22985548075218679
196.5;48.5;0.4980400394310833
196.5;49.5;0.7186546192940255
196.5;50.5;0.9237202039468786
196.5;51.5;1.1093325514382197
196.5;52.5;1.230052077396925
196.5;53.5;1.263814271102064
196.5;54.5;1.2546077268506084
196.5;55.5;1.2414655597902262
196.5;56.5;1.2108781506391495
196.5;57.5;1.1753638926056489
196.5;58.5;1.132607031112484
196.5;59.5;1.0622038682115704
197.5;20.5;0.9296954982328283
197.5;21.5;0.7863247757796684
197.5;22.5;0.6282191777445463
197.5;23.5;0.42158434465651184
197.5;24.5;0.08994092123465558
197.5;25.5;-0.27057723619409046
197.5;26.5;-0.5678632839395997
197.5;27.5;-0.8010548417028394
197.5;28.5;-1.0235663103148518
197.5;29.5;-1.2144956815275847
197.5;30.5;-1.360426779035342
197.5;31.5;-1.4906888879982032
197.5;32.5;-1.5624983428128751
197.5;33.5;-1.595449498719705
197.5;34.5;-1.6057825166820971
197.5;35.5;-1.6183126695789531
197.5;36.5;-1.5728526123992916
197.5;37.5;-1.5340159598339826
197.5;38.5;-1.4331042579747362
197.5;39.5;-1.3360910860915745
197.5;40.5;-1.221159061836019
197.5;41.5;-1.0961261271172995
197.5;42.5;-0.934515508472933
197.5;43.5;-0.7254941275310833
197.5;44.5;-0.5157624802693109
197.5;45.5;-0.2742129880905802
197.5;46.5;0.0035112794436864036
197.5;47.5;0.2816583587972168
197.5;48.5;0.5321792913502843
197.5;49.5;0.7490695176031212
197.5;50.5;0.9482946075349369
197.5;51.5;1.1299823948150793
197.5;52.5;1.2443301900414538
197.5;53.5;1.2775260586036812
197.5;54.5;1.2734251596088466
197.5;55.5;1.252766555431919
197.5;56.5;1.223752795591422
197.5;57.5;1.1930329389255119
197.5;58.5;1.1445067270371452
197.5;59.5;1.0741416562175536
198.5;20.5;0.9886772273295801
198.5;21.5;0.84293893878269
198.5;22.5;0.6891798905124595
198.5;23.5;0.4809924876397369
198.5;24.5;0.17507000291494018
198.5;25.5;-0.1937466012551139
198.5;26.5;-0.5203200501513959
198.5;27.5;-0.7614211265149448
198.5;28.5;-0.9898113273297058
198.5;29.5;-1.1951289424208444
198.5;30.5;-1.354434524021568
198.5;31.5;-1.4777579541093313
198.5;32.5;-1.5487420062988422
198.5;33.5;-1.5772282307853747
198.5;34.5;-1.5966120497120306
198.5;35.5;-1.5972532160231916
198.5;36.5;-1.5674536930113634
198.5;37.5;-1.52334555961308
198.5;38.5;-1.4267000315927463
198.5;39.5;-1.3186531088344728
198.5;40.5;-1.2111644062275346
198.5;41.5;-1.0879762787329155
198.5;42.5;-0.9146275297994996
198.5;43.5;-0.7134362877778619
198.5;44.5;-0.5023915601239535
198.5;45.5;-0.2494479766813984
198.5;46.5;0.036748701332355145
198.5;47.5;0.315103507044048
198.5;48.5;0.5687138719140118
198.5;49.5;0.7934522924766577
198.5;50.5;0.9691402144915401
198.5;51.5;1.143148103937572
198.5;52.5;1.2642519424649943
198.5;53.5;1.2983888578382645
198.5;54.5;1.2908390564379482
198.5;55.5;1.2661830871761934
198.5;56.5;1.243534123385393
198.5;57.5;1.2180871575862242
198.5;58.5;1.1672727323310677
199.5;20.5;1.0467215073026628
199.5;21.5;0.9102915836126049
199.5;22.5;0.7499691618815322
199.5;23.5;0.5516516477730272
199.5;24.5;0.24712133380262094
199.5;25.5;-0.12715373792319107
199.5;26.5;-0.46620362609473154
199.5;27.5;-0.7110076305672556
199.5;28.5;-0.9529392614987461
199.5;29.5;-1.1615793927807156
199.5;30.5;-1.3401218075985726
199.5;31.5;-1.4611020354526107
199.5;32.5;-1.533440607751222
199.5;33.5;-1.5654101663087883
199.5;34.5;-1.5903156472105122
199.5;35.5;-1.57993802797816
199.5;36.5;-1.5580092081824568
199.5;37.5;-1.5099737566647302
199.5;38.5;-1.408671371620739
199.5;39.5;-1.2976291771889679
199.5;40.5;-1.1891110265769846
199.5;41.5;-1.0624506634970066
199.5;42.5;-0.8949698345182283
199.5;43.5;-0.7006343515355905
199.5;44.5;-0.4750087413938928
199.5;45.5;-0.22019443763022617
199.5;46.5;0.06744060139540808
199.5;47.5;0.3517796367757185
199.5;48.5;0.5988432469037552
199.5;49.5;0.8202710460717816
199.5;50.5;1.0056051008095983
199.5;51.5;1.1642387318939282
199.5;52.5;1.2842917957658353
199.5;53.5;1.3232249530110294
199.5;54.5;1.3118546906790576
199.5;55.5;1.2791840474591831
199.5;56.5;1.2583596449615329
199.5;57.5;1.2338207520275548
199.5;58.5;1.1785165144653964
200.5;20.5;1.1142327574735726
200.5;21.5;0.9735975974134988
200.5;22.5;0.8203167565649063
200.5;23.5;0.626626576170696
200.5;24.5;0.33167383525585725
200.5;25.5;-0.04847235981557845
200.5;26.5;-0.38502388645437124
200.5;27.5;-0.6503150979825619
200.5;28.5;-0.9086000599604113
200.5;29.5;-1.1373714246209852
200.5;30.5;-1.3100077129405485
200.5;31.5;-1.4371209898694641
200.5;32.5;-1.5145511516325392
200.5;33.5;-1.549245612984977
200.5;34.5;-1.575015235350297
200.5;35.5;-1.5633867745113106
200.5;36.5;-1.5351604368920804
200.5;37.5;-1.4775466166884725
200.5;38.5;-1.3954136312829917
200.5;39.5;-1.2714353483367948
200.5;40.5;-1.1755746645050735
200.5;41.5;-1.0381755978015028
200.5;42.5;-0.87624704813678
200.5;43.5;-0.6793011784217101
200.5;44.5;-0.4513420956604435
200.5;45.5;-0.1947450286673905
200.5;46.5;0.1037304471140778
200.5;47.5;0.3832424720883923
200.5;48.5;0.6341323310234993
200.5;49.5;0.8540296292072252
200.5;50.5;1.0323277861770288
200.5;51.5;1.1805890846461211
200.5;52.5;1.3052252541219354
200.5;53.5;1.3435340926758175
200.5;54.5;1.3272233232139434
200.5;55.5;1.297266858380875
200.5;57.5;1.2405029402067358
200.5;58.5;1.1838822391673591
201.5;20.5;1.1667926085861762
201.5;21.5;1.0498985853355864
201.5;22.5;0.8932355146596479
201.5;23.5;0.6950881211244359
201.5;24.5;0.4034820605300696
201.5;25.5;0.03315230046678231
201.5;26.5;-0.3150610460528326
201.5;27.5;-0.6035063164279181
201.5;28.5;-0.8715841271647812
201.5;29.5;-1.0991155483284136
201.5;30.5;-1.2719991281990153
201.5;31.5;-1.4040245184485476
201.5;32.5;-1.4911680727012613
201.5;33.5;-1.530525308416297
201.5;34.5;-1.5516487112773358
201.5;35.5;-1.5542705084366049
201.5;36.5;-1.5165366432398497
201.5;37.5;-1.4533077084955806
201.5;38.5;-1.3614888006553334
201.5;39.5;-1.254565100774544
201.5;40.5;-1.1448911977522775
201.5;41.5;-1.0105756828716879
201.5;42.5;-0.8454012909330771
201.5;43.5;-0.658082120595812
201.5;44.5;-0.4265268637284192
201.5;45.5;-0.15734406770212533
201.5;46.5;0.12957083447880363
201.5;47.5;0.4129478808322606
201.5;48.5;0.658286934311144
201.5;49.5;0.8836331826986858
201.5;50.5;1.0576612631134195
201.5;51.5;1.203022186633368
201.5;52.5;1.3165748239541493
201.5;53.5;1.3586719837604169
201.5;54.5;1.335581389724707
201.5;55.5;1.3070683728646544
201.5;57.5;1.2398166017944
201.5;58.5;1.1828647428347114
202.5;20.5;1.218831288610193
202.5;21.5;1.114069224277054
202.5;22.5;0.9709039622525223
202.5;23.5;0.7742605735391114
202.5;24.5;0.46952233201840216
202.5;25.5;0.10509709368556518
202.5;26.5;-0.256903041194335
202.5;27.5;-0.5588124020900823
202.5;28.5;-0.8276066736590965
202.5;29.5;-1.0554943591574455
202.5;30.5;-1.2245692803789638
202.5;31.5;-1.3574904017346456
202.5;32.5;-1.4473278764913922
202.5;33.5;-1.4940961360860752
202.5;34.5;-1.5235366590860777
202.5;35.5;-1.5312749277576096
202.5;36.5;-1.4914664066611165
202.5;37.5;-1.4302448663645775
202.5;38.5;-1.327092245207699
202.5;39.5;-1.2228015786035866
202.5;40.5;-1.1069359150839035
202.5;41.5;-0.9778675527681315
202.5;42.5;-0.8236032134036133
202.5;43.5;-0.6251209347983471
202.5;44.5;-0.3866282153435634
202.5;45.5;-0.12005080219385508
202.5;46.5;0.1559359574748625
202.5;47.5;0.44809447936712704
202.5;48.5;0.6960866297809345
202.5;49.5;0.9154906099470124
202.5;50.5;1.0761391695709175
202.5;51.5;1.2242767640537113
202.5;52.5;1.3288797493780047
202.5;53.5;1.3671946629116574
202.5;54.5;1.3512384628975087
202.5;55.5;1.3165827281947775
202.5;56.5;1.2823798724069038
202.5;58.5;1.1762691115151804
203.5;20.5;1.2604227292214314
203.5;21.5;1.173587992530653
203.5;22.5;1.0417884251286083
203.5;23.5;0.84071143152367
203.5;24.5;0.5444557041955458
203.5;25.5;0.16605539468264285
203.5;26.5;-0.18786590570074824
203.5;27.5;-0.5008395214806408
203.5;28.5;-0.7862852300440386
203.5;29.5;-1.0118010508646291
203.5;30.5;-1.1800995857936143
203.5;31.5;-1.3078403537426044
203.5;32.5;-1.4007272423380233
203.5;33.5;-1.4450139829450992
203.5;34.5;-1.485474827629008
203.5;35.5;-1.4999937376429995
203.5;36.5;-1.4605997869772123
203.5;37.5;-1.3903458207472232
203.5;38.5;-1.296837478950947
203.5;39.5;-1.1877654570112004
203.5;40.5;-1.062833038515973
203.5;41.5;-0.9405185527430454
203.5;42.5;-0.7821780744685574
203.5;43.5;-0.5830678002920718
203.5;44.5;-0.35549433301540295
203.5;45.5;-0.08200448693726747
203.5;46.5;0.18664832257185066
203.5;47.5;0.48219770737328344
203.5;48.5;0.7229419837313683
203.5;49.5;0.9376817485642591
203.5;50.5;1.1028916584312851
203.5;51.5;1.2433272359468206
203.5;52.5;1.3396239023539838
203.5;53.5;1.3802273420263433
203.5;54.5;1.3688400034820565
203.5;55.5;1.3323593847047164
203.5;56.5;1.2962286788888848
204.5;20.5;1.296833318505054
204.5;21.5;1.2178377627605488
204.5;22.5;1.090872212598096
204.5;23.5;0.9058272320248386
204.5;24.5;0.609620236242795
204.5;25.5;0.23494798465031508
204.5;26.5;-0.11461689115726142
204.5;27.5;-0.43929460851022856
204.5;28.5;-0.7240961962246821
204.5;29.5;-0.9549503487766315
204.5;30.5;-1.1263135332059597
204.5;31.5;-1.2565039910022642
204.5;32.5;-1.345001187672328
204.5;33.5;-1.3890553022973442
204.5;34.5;-1.438538441238816
204.5;35.5;-1.4527273283275626
204.5;36.5;-1.4238720704685799
204.5;37.5;-1.3555201129303325
204.5;38.5;-1.2544005401373701
204.5;39.5;-1.142429107236225
204.5;40.5;-1.0130922618078089
204.5;41.5;-0.8896616140091753
204.5;42.5;-0.7331202944295371
204.5;43.5;-0.5344699091065304
204.5;44.5;-0.3024195637948927
204.5;45.5;-0.04087174945312855
204.5;46.5;0.23089728736130608
204.5;47.5;0.5100238579947336
204.5;48.5;0.7522812334572557
204.5;49.5;0.9679171403600504
204.5;50.5;1.1332986362041522
204.5;51.5;1.2624125552336254
204.5;52.5;1.3500750464166638
204.5;53.5;1.392460745933
204.5;54.5;1.3871016891346384
204.5;55.5;1.3555177123325495
204.5;56.5;1.3136952272246396
204.5;57.5;1.2629166411695434
205.5;20.5;1.3165815944669559
205.5;21.5;1.245381293499679
205.5;22.5;1.13931217896252
205.5;23.5;0.973003489822585
205.5;24.5;0.6838945869737617
205.5;25.5;0.312315183985169
205.5;26.5;-0.023708791714925438
205.5;27.5;-0.35196360818394695
205.5;28.5;-0.6494825399346261
205.5;29.5;-0.8820388818845201
205.5;30.5;-1.068083289139521
205.5;31.5;-1.190449234628522
205.5;32.5;-1.2885814576702666
205.5;33.5;-1.333750289868144
205.5;34.5;-1.385530778427406
205.5;35.5;-1.404012188179792
205.5;36.5;-1.3803100236378303
205.5;37.5;-1.3085149044897062
205.5;38.5;-1.2078951746923026
205.5;39.5;-1.084984564570041
205.5;40.5;-0.9552412984947964
205.5;41.5;-0.8341064996688373
205.5;42.5;-0.6756631154377996
205.5;43.5;-0.4722807707382961
205.5;44.5;-0.2557840736450445
205.5;45.5;0.0022773328887126577
205.5;46.5;0.27070476938780885
205.5;47.5;0.5371918297812923
205.5;48.5;0.7739812142963773
205.5;49.5;0.9976765914073716
205.5;50.5;1.158940185173254
205.5;51.5;1.2815343093693607
205.5;52.5;1.3604429862139373
205.5;53.5;1.4100931077064225
205.5;54.5;1.40885314080897
205.5;55.5;1.3784979838210951
205.5;56.5;1.330507807759067
205.5;57.5;1.272433414217368
206.5;20.5;1.3295517874532454
206.5;21.5;1.2617828348629132
206.5;22.5;1.1742684102013623
206.5;23.5;1.0174759592600857
206.5;24.5;0.7509434504087714
206.5;25.5;0.39693747149462955
206.5;26.5;0.0652620518710036
206.5;27.5;-0.2555232595905981
206.5;28.5;-0.5638526831967533
206.5;29.5;-0.7955815995849636
206.5;30.5;-1.0022861073405023
206.5;31.5;-1.1181828173787536
206.5;32.5;-1.2207847167703396
206.5;33.5;-1.2763742389204078
206.5;34.5;-1.3316179372280512
206.5;35.5;-1.3460344929440937
206.5;36.5;-1.327919453695255
206.5;37.5;-1.266725248727844
206.5;38.5;-1.1557511472649211
206.5;39.5;-1.0219239975519672
206.5;40.5;-0.8821040269578223
206.5;41.5;-0.7563319471230652
206.5;42.5;-0.5947739795331262
206.5;43.5;-0.40379518676442056
206.5;44.5;-0.20577838044406194
206.5;45.5;0.04848580374392322
206.5;46.5;0.3105907556830479
206.5;47.5;0.580347759884831
206.5;48.5;0.8207566994166094
206.5;49.5;1.0259782625639953
206.5;50.5;1.1811492979750926
206.5;51.5;1.2992149061972031
206.5;52.5;1.3739293498289438
206.5;53.5;1.4190098427250728
206.5;54.5;1.429610787295673
206.5;55.5;1.4052152429613867
206.5;56.5;1.352726683083717
206.5;57.5;1.2848266344085701
206.5;58.5;1.203730107607385
206.5;59.5;1.0873113459299473
207.5;20.5;1.351368498586232
207.5;21.5;1.279554154605783
207.5;22.5;1.2049266144024011
207.5;23.5;1.0669106340257763
207.5;24.5;0.811858692304036
207.5;25.5;0.48252880946581367
207.5;26.5;0.15919061370853338
207.5;27.5;-0.15994609435330556
207.5;28.5;-0.46124005244647165
207.5;29.5;-0.7148609427018962
207.5;30.5;-0.9295184472803935
207.5;31.5;-1.0638851531378408
207.5;32.5;-1.1513453668638445
207.5;33.5;-1.2063897319629875
207.5;34.5;-1.251576998937937
207.5;35.5;-1.2775654478162877
207.5;36.5;-1.265961666444857
207.5;37.5;-1.2075145726915013
207.5;38.5;-1.0924109430895843
207.5;39.5;-0.9563389592898434
207.5;40.5;-0.8175703686053485
207.5;41.5;-0.6803671866761584
207.5;42.5;-0.5212424920198704
207.5;43.5;-0.33282618601068764
207.5;44.5;-0.14804882093602684
207.5;45.5;0.09662781000427476
207.5;46.5;0.36313210811785757
207.5;47.5;0.6260514322200669
207.5;48.5;0.8586071928262219
207.5;49.5;1.0502751795930956
207.5;50.5;1.199975095412863
207.5;51.5;1.3116444036691774
207.5;52.5;1.3846823460804365
207.5;53.5;1.4336432072900958
207.5;54.5;1.4504807552075318
207.5;55.5;1.4344802474943037
207.5;56.5;1.381679411791871
207.5;57.5;1.3088929068102266
207.5;58.5;1.2191791341147997
207.5;59.5;1.1004809431995068
208.5;20.5;1.355710594538958
208.5;21.5;1.2931620019329602
208.5;22.5;1.2271924475070815
208.5;23.5;1.095198651001913
208.5;24.5;0.8640208442485476
208.5;25.5;0.5659150805746058
208.5;26.5;0.24735741804968503
208.5;27.5;-0.06443531980394718
208.5;28.5;-0.3474353092688493
208.5;29.5;-0.6114962613017461
208.5;30.5;-0.8470997981881624
208.5;31.5;-0.987439213626297
208.5;32.5;-1.086654631893374
208.5;33.5;-1.135810314379598
208.5;34.5;-1.1893390143945033
208.5;35.5;-1.2127272749581615
208.5;36.5;-1.190659992991424
208.5;37.5;-1.1308372880210613
208.5;38.5;-1.0325254775841493
208.5;39.5;-0.8922100881686368
208.5;40.5;-0.751955389479417
208.5;41.5;-0.6110361216989341
208.5;42.5;-0.45124238758761587
208.5;43.5;-0.25698959799745164
208.5;44.5;-0.06933481789963336
208.5;45.5;0.1574055280032866
208.5;46.5;0.41702898358249224
208.5;47.5;0.6711701840410199
208.5;48.5;0.887463558084347
208.5;49.5;1.0800296068970696
208.5;50.5;1.2219966663785646
208.5;51.5;1.3190955061063605
208.5;52.5;1.3911146020866192
208.5;53.5;1.4354381153169997
208.5;54.5;1.4640212854585293
208.5;55.5;1.453744119086109
208.5;56.5;1.4082043569534843
208.5;57.5;1.3301041232054234
208.5;58.5;1.2344344307074004
209.5;20.5;1.3595320885792874
209.5;21.5;1.308764762848055
209.5;22.5;1.244977482786317
209.5;23.5;1.1274959749078743
209.5;24.5;0.9174712895538538
209.5;25.5;0.6502352278404202
209.5;26.5;0.3494458324175393
209.5;27.5;0.04933831470312969
209.5;28.5;-0.2363831332734876
209.5;29.5;-0.5060057878988854
209.5;30.5;-0.7490093942748691
209.5;31.5;-0.8994916235513636
209.5;32.5;-1.0118531807392286
209.5;33.5;-1.07105354076252
209.5;34.5;-1.1175259936614095
209.5;35.5;-1.1359346603431604
209.5;36.5;-1.1138572526454098
209.5;37.5;-1.0515206312662346
209.5;38.5;-0.9554761582104088
209.5;39.5;-0.8209836601265251
209.5;40.5;-0.6768954202078108
209.5;41.5;-0.5370642804395362
209.5;42.5;-0.36834123445717387
209.5;43.5;-0.18982213789363908
209.5;44.5;0.01216994316519774
209.5;45.5;0.2239487075263266
209.5;46.5;0.47985966608314995
209.5;47.5;0.7116315442003605
209.5;48.5;0.9216069065699699
209.5;49.5;1.1026008970877887
209.5;50.5;1.2353907577036212
209.5;51.5;1.3280167920234904
209.5;52.5;1.395099492619893
209.5;53.5;1.4428158586713369
209.5;54.5;1.4674958574892285
209.5;55.5;1.4641806968150415
209.5;56.5;1.4217966812907579
209.5;57.5;1.3489025965190098
209.5;58.5;1.2540776308143438
209.5;59.5;1.1348448368261856
210.5;20.5;1.3596119511437565
210.5;21.5;1.3213706404799763
210.5;22.5;1.2720825824729824
210.5;23.5;1.1630737741261665
210.5;24.5;0.9803266931600565
210.5;25.5;0.7287523000787459
210.5;26.5;0.4264335571340911
210.5;27.5;0.14529035906480178
210.5;28.5;-0.10376258888438675
210.5;29.5;-0.3925039254869962
210.5;30.5;-0.6449893622360373
210.5;31.5;-0.8207401030876492
210.5;32.5;-0.9280136472292867
210.5;33.5;-0.9936115255744812
210.5;34.5;-1.039173584590283
210.5;35.5;-1.0609197507858732
210.5;36.5;-1.0319871868949546
210.5;37.5;-0.9725302851852128
210.5;38.5;-0.8785556370990244
210.5;39.5;-0.7527135301412015
210.5;40.5;-0.6018884233001225
210.5;41.5;-0.45940293040448293
210.5;42.5;-0.2870708218814265
210.5;43.5;-0.11121232002128455
210.5;44.5;0.08470964900476217
210.5;45.5;0.3051468954038542
210.5;46.5;0.5418323811969463
210.5;47.5;0.7531121276661829
210.5;48.5;0.9517033843595122
210.5;49.5;1.1221152321008978
210.5;50.5;1.2483907146119244
210.5;51.5;1.3360519397949693
210.5;52.5;1.403653755615711
210.5;53.5;1.4441113410637405
210.5;54.5;1.4660016719445408
210.5;55.5;1.4674390726188844
210.5;56.5;1.432188891562312
210.5;57.5;1.3669142746879046
210.5;58.5;1.2658774092760956
210.5;59.5;1.1491463159319906
211.5;20.5;1.3573310615705731
211.5;21.5;1.340173004230896
211.5;22.5;1.2963171921747776
211.5;23.5;1.2085585652929076
211.5;24.5;1.0510993207623014
211.5;25.5;0.8104449574520995
211.5;26.5;0.5251089089345482
211.5;27.5;0.25040647930850085
211.5;28.5;0.005454638254855462
211.5;29.5;-0.2744670749412681
211.5;30.5;-0.5351468873300811
211.5;31.5;-0.7294397321137389
211.5;32.5;-0.8414197904639934
211.5;33.5;-0.9037892926623988
211.5;34.5;-0.9484978351215041
211.5;35.5;-0.9828727557479325
211.5;36.5;-0.9430917680119311
211.5;37.5;-0.8912363472643642
211.5;38.5;-0.7953906335452741
211.5;39.5;-0.6804404469338537
211.5;40.5;-0.5314221805078554
211.5;41.5;-0.3840478032036481
211.5;42.5;-0.20655293944444048
211.5;43.5;-0.022991254783103404
211.5;44.5;0.16762509931061945
211.5;45.5;0.3798272333722444
211.5;46.5;0.5908703231482455
211.5;47.5;0.7873132651183685
211.5;48.5;0.9811603304179424
211.5;49.5;1.1399334113519017
211.5;50.5;1.2632637503264788
211.5;51.5;1.342512688660369
211.5;52.5;1.4088790693041218
211.5;53.5;1.4458804688178608
211.5;54.5;1.4663987174715043
211.5;55.5;1.4687473639781983
211.5;56.5;1.4374437635700432
211.5;57.5;1.3739953119708912
211.5;58.5;1.283553081915387
211.5;59.5;1.1619858484686647
212.5;20.5;1.3457958466716924
212.5;21.5;1.346169128288741
212.5;22.5;1.3265288178107189
212.5;23.5;1.2528311816624957
212.5;24.5;1.122357914369921
212.5;25.5;0.9028277400941954
212.5;26.5;0.622537688017229
212.5;27.5;0.3638916373357527
212.5;28.5;0.1266883974075658
212.5;29.5;-0.14658471965458073
212.5;30.5;-0.41683435158111243
212.5;31.5;-0.6209291214100632
212.5;32.5;-0.739083379948333
212.5;33.5;-0.7911602747253961
212.5;34.5;-0.8510030111267028
212.5;35.5;-0.8794583228317502
212.5;36.5;-0.848462160001245
212.5;37.5;-0.7945337784533578
212.5;38.5;-0.7199783629956069
212.5;39.5;-0.6053217127519058
212.5;40.5;-0.4614397513523395
212.5;41.5;-0.3077769626179379
212.5;42.5;-0.126494663067777
212.5;43.5;0.06483478844439444
212.5;44.5;0.2543615043556229
212.5;45.5;0.4544762476724176
212.5;46.5;0.6300774761366439
212.5;47.5;0.8364209108140057
212.5;48.5;1.0145485904330573
212.5;49.5;1.1600112858304765
212.5;50.5;1.2699927234969413
212.5;51.5;1.3471605911782167
212.5;52.5;1.408244093429354
212.5;53.5;1.4451557536261785
212.5;54.5;1.464062577196995
212.5;55.5;1.464001426148613
212.5;56.5;1.4334974784650982
212.5;57.5;1.3800526080655762
212.5;58.5;1.2931943376753252
212.5;59.5;1.1795830535991796
213.5;20.5;1.334989196574712
213.5;21.5;1.3494016684586587
213.5;22.5;1.343179547172505
213.5;23.5;1.296370014435884
213.5;24.5;1.1799816860164272
213.5;25.5;0.9855936467587999
213.5;26.5;0.7261766017092484
213.5;27.5;0.471972855761886
213.5;28.5;0.24302917743973854
213.5;29.5;-0.026320019840152274
213.5;30.5;-0.2987858336101358
213.5;31.5;-0.4978930315630245
213.5;32.5;-0.6141413436390424
213.5;33.5;-0.6741901037782456
213.5;34.5;-0.7332561227291536
213.5;35.5;-0.7757743749909026
213.5;36.5;-0.7440596315926221
213.5;37.5;-0.6973856337747069
213.5;38.5;-0.6274178013508507
213.5;39.5;-0.5211186409792835
213.5;40.5;-0.37378226560603595
213.5;41.5;-0.219909593469095
213.5;42.5;-0.044190097317056705
213.5;43.5;0.1559074315832056
213.5;44.5;0.33769006251625494
213.5;45.5;0.5292400537766488
213.5;46.5;0.6916401058206886
213.5;47.5;0.8856856620807068
213.5;48.5;1.0500449548638175
213.5;49.5;1.1811070321572188
213.5;50.5;1.2798476318417207
213.5;51.5;1.34831721446835
213.5;52.5;1.4090067287704497
213.5;53.5;1.4478141422200574
213.5;54.5;1.4645876422564317
213.5;55.5;1.4596416782284092
213.5;56.5;1.4298956302266945
213.5;57.5;1.3777676056774355
213.5;58.5;1.2981036316080858
213.5;59.5;1.189570491487502
214.5;20.5;1.3207555532145538
214.5;21.5;1.3493638837016873
214.5;22.5;1.3597594297498539
214.5;23.5;1.3328266812678087
214.5;24.5;1.2367072352750503
214.5;25.5;1.055508200348016
214.5;26.5;0.819383133649717
214.5;27.5;0.5767418812466322
214.5;28.5;0.3580252773094856
214.5;29.5;0.09948008835017655
214.5;30.5;-0.1702341587643741
214.5;31.5;-0.36174171810378836
214.5;32.5;-0.485882276956578
214.5;33.5;-0.5573684651222686
214.5;34.5;-0.6124894444382115
214.5;35.5;-0.6596513036967202
214.5;36.5;-0.6424492945649944
214.5;37.5;-0.5937500839132935
214.5;38.5;-0.5319919352474458
214.5;39.5;-0.42311334584935506
214.5;40.5;-0.2773320160668208
214.5;41.5;-0.12423882900526789
214.5;42.5;0.052281453596275534
214.5;43.5;0.24709008507309627
214.5;44.5;0.4244785851636687
214.5;45.5;0.5930166689545857
214.5;46.5;0.7606665117378474
214.5;47.5;0.9318222462464034
214.5;48.5;1.0793301424076973
214.5;49.5;1.2067214151908394
214.5;50.5;1.291634090580458
214.5;51.5;1.3574193016611962
214.5;52.5;1.416514741194926
214.5;53.5;1.456842574531004
214.5;54.5;1.4656828671656064
214.5;55.5;1.4553239742150512
214.5;56.5;1.4272749939476586
214.5;57.5;1.3723816262161768
214.5;58.5;1.2932008803757098
214.5;59.5;1.1937654279133174
215.5;20.5;1.3017052006987997
215.5;21.5;1.3409228121478272
215.5;22.5;1.3654030506093677
215.5;23.5;1.34933650991039
215.5;24.5;1.275899461249593
215.5;25.5;1.1187606872298086
215.5;26.5;0.9120784524381866
215.5;27.5;0.6825589238496763
215.5;28.5;0.4690495054895774
215.5;29.5;0.23277868843914917
215.5;30.5;-0.030202521132093544
215.5;31.5;-0.2306164738644872
215.5;32.5;-0.348834915697145
215.5;33.5;-0.4249915570947111
215.5;34.5;-0.49222615296976974
215.5;35.5;-0.5278443325186469
215.5;36.5;-0.5284181477127198
215.5;37.5;-0.48460570865225877
215.5;38.5;-0.4185831143748964
215.5;39.5;-0.3146390898901536
215.5;40.5;-0.1747039464878087
215.5;41.5;-0.0171142151600045
215.5;42.5;0.15543511659362486
215.5;43.5;0.331350782421371
215.5;44.5;0.5036671680507676
215.5;45.5;0.6782261234299933
215.5;46.5;0.8414369004366196
215.5;47.5;0.9791620887409662
215.5;48.5;1.1185981463469332
215.5;49.5;1.2233074222108073
215.5;50.5;1.3020836966473583
215.5;51.5;1.3676696303103517
215.5;52.5;1.4211986058700146
215.5;53.5;1.4607575690438914
215.5;54.5;1.467109487923121
215.5;55.5;1.4557368863075586
215.5;56.5;1.4208316161710666
215.5;57.5;1.363995684689006
215.5;58.5;1.2881710830778534
215.5;59.5;1.1900886749526987
216.5;20.5;1.2940724612951875
216.5;21.5;1.3341181425331965
216.5;22.5;1.3643841336307154
216.5;23.5;1.3666877616676565
216.5;24.5;1.306252673667578
216.5;25.5;1.1699541030412806
216.5;26.5;0.9782448889410503
216.5;27.5;0.7824021112269525
216.5;28.5;0.5864846807690169
216.5;29.5;0.3570259700714699
216.5;30.5;0.11472439638930643
216.5;31.5;-0.08501766546921312
216.5;32.5;-0.20432366876457728
216.5;33.5;-0.28406252532301757
216.5;34.5;-0.35220812626368314
216.5;35.5;-0.3925292655878751
216.5;36.5;-0.3955101931643707
216.5;37.5;-0.3647827705959574
216.5;38.5;-0.3096305634026642
216.5;39.5;-0.18716682314085445
216.5;40.5;-0.05437904929993093
216.5;41.5;0.0914994250339116
216.5;42.5;0.2569411486974608
216.5;43.5;0.4261833201542525
216.5;44.5;0.5898899705311391
216.5;45.5;0.7585481171943057
216.5;46.5;0.9071872901121453
216.5;47.5;1.0435063590824551
216.5;48.5;1.159766635066147
216.5;49.5;1.2526121421634742
216.5;50.5;1.321065099274669
216.5;51.5;1.3815403989567725
216.5;52.5;1.4319715541054125
216.5;53.5;1.4636998782479922
216.5;54.5;1.4691009693891834
216.5;55.5;1.4501546389105822
216.5;56.5;1.412609395494951
216.5;57.5;1.3528506011203907
216.5;58.5;1.2762201386210836
216.5;59.5;1.184780561543969
217.5;20.5;1.2801906841773825
217.5;21.5;1.3216712415757599
217.5;22.5;1.3606969186747357
217.5;23.5;1.369850204046202
217.5;24.5;1.3279969068200084
217.5;25.5;1.2144920611216505
217.5;26.5;1.0503695632314207
217.5;27.5;0.8841883216431468
217.5;28.5;0.6964379217222214
217.5;29.5;0.48148495473810893
217.5;30.5;0.25416187366830334
217.5;31.5;0.06687856213635845
217.5;32.5;-0.03603909609169778
217.5;33.5;-0.1213673679263696
217.5;34.5;-0.18636351053989447
217.5;35.5;-0.2478379385745812
217.5;36.5;-0.2616326270377827
217.5;37.5;-0.23206084468635166
217.5;38.5;-0.1731249591362628
217.5;39.5;-0.06001838363817024
217.5;40.5;0.07378690839118159
217.5;41.5;0.21034910321586603
217.5;42.5;0.3639259457243242
217.5;43.5;0.5263154164178332
217.5;44.5;0.6784964954806189
217.5;45.5;0.8341046183354967
217.5;46.5;0.9718459484695705
217.5;47.5;1.097949507107735
217.5;48.5;1.2050312720451564
217.5;49.5;1.280903650487603
217.5;50.5;1.34151082588647
217.5;51.5;1.3950086193599638
217.5;52.5;1.4439712329912608
217.5;53.5;1.471029654971686
217.5;54.5;1.4717244630409392
217.5;55.5;1.4501311958337704
217.5;56.5;1.402664232217289
217.5;57.5;1.3394646088385889
217.5;58.5;1.2609023774104755
217.5;59.5;1.1699051849734938
218.5;20.5;1.26827845064069
218.5;21.5;1.3056767230369815
218.5;22.5;1.3488215612160444
218.5;23.5;1.3766949568849927
218.5;24.5;1.343400846689739
218.5;25.5;1.2525717172704374
218.5;26.5;1.1240328734550218
218.5;27.5;0.9720901062208854
218.5;28.5;0.8028934272874441
218.5;29.5;0.6109091054222787
218.5;30.5;0.39344370962667274
218.5;31.5;0.22051365350601404
218.5;32.5;0.11502349832665681
218.5;33.5;0.044680344020238405
218.5;34.5;-0.017496683857767235
218.5;35.5;-0.08970312591949385
218.5;36.5;-0.10820345692047693
218.5;37.5;-0.08546017410103529
218.5;38.5;-0.028069033429083713
218.5;39.5;0.07573377693961203
218.5;40.5;0.2015791916521862
218.5;41.5;0.3346026935921352
218.5;42.5;0.4661725442923327
218.5;43.5;0.6216713022256495
218.5;44.5;0.7686144177839308
218.5;45.5;0.9010100063878046
218.5;46.5;1.0233276779961558
218.5;47.5;1.144271773720719
218.5;48.5;1.248843010340213
218.5;49.5;1.3148214084092698
218.5;50.5;1.3618164936750246
218.5;51.5;1.4073199880299014
218.5;52.5;1.4506609479664514
218.5;53.5;1.4741400132145928
218.5;54.5;1.4701653275265696
218.5;55.5;1.4431516811501606
218.5;56.5;1.3910261108916944
218.5;57.5;1.320814412604112
218.5;58.5;1.2423218175891892
218.5;59.5;1.1570993052060854
219.5;20.5;1.2532074081485087
219.5;21.5;1.2971138823058186
219.5;22.5;1.3408159741398298
219.5;23.5;1.3735441283921876
219.5;24.5;1.3570187868432424
219.5;25.5;1.2872683534875953
219.5;26.5;1.1818937202116937
219.5;27.5;1.0633719615014368
219.5;28.5;0.9115061006430842
219.5;29.5;0.7315073478490486
219.5;30.5;0.5194059503355913
219.5;31.5;0.3528578069227156
219.5;32.5;0.27188224460076627
219.5;33.5;0.21346443718682673
219.5;34.5;0.1480326003248246
219.5;35.5;0.08128645114748284
219.5;36.5;0.04152861467510827
219.5;37.5;0.06260764033653435
219.5;38.5;0.12019207850316603
219.5;39.5;0.2235152230230731
219.5;40.5;0.3295887590239916
219.5;41.5;0.44667357533009205
219.5;42.5;0.5895030051046493
219.5;43.5;0.7180383334783876
219.5;44.5;0.8483434262223152
219.5;45.5;0.9591308855622448
219.5;46.5;1.0828988535211972
219.5;47.5;1.190457228736709
219.5;48.5;1.2795496875151584
219.5;49.5;1.339979693405938
219.5;50.5;1.3826224267135598
219.5;51.5;1.4226349030961447
219.5;52.5;1.4570051153480241
219.5;53.5;1.47578405138286
219.5;54.5;1.4665442192389673
219.5;55.5;1.4298150329038466
219.5;56.5;1.3758928879370471
219.5;57.5;1.3018329313493433
219.5;58.5;1.220264148739907
219.5;59.5;1.1386202775372878
220.5;20.5;1.247101882006507
220.5;21.5;1.2837934845475614
220.5;22.5;1.3335781567555116
220.5;23.5;1.3720272752103637
220.5;24.5;1.3700729561287646
220.5;25.5;1.3185891844947513
220.5;26.5;1.2462645865623838
220.5;27.5;1.1446096875396645
220.5;28.5;1.0056637687199401
220.5;29.5;0.8371220781782576
220.5;30.5;0.6387488375821654
220.5;31.5;0.48887816238072745
220.5;32.5;0.4116531616189746
220.5;33.5;0.3649747381394903
220.5;34.5;0.32173042241905875
220.5;35.5;0.2606924367498367
220.5;36.5;0.22061470963455423
220.5;37.5;0.22126709612984485
220.5;38.5;0.27184035161149533
220.5;39.5;0.3673652236925186
220.5;40.5;0.4770390440703804
220.5;41.5;0.5780183542764978
220.5;42.5;0.7057271093923394
220.5;43.5;0.8350975662422415
220.5;44.5;0.9247919651089087
220.5;45.5;1.0288561939059437
220.5;46.5;1.13849192187009
220.5;47.5;1.2300694975031632
220.5;48.5;1.3071258206105902
220.5;49.5;1.3545485099259194
220.5;50.5;1.398842196570643
220.5;51.5;1.4366674460840307
220.5;52.5;1.4619608135730149
220.5;53.5;1.4731912430472556
220.5;54.5;1.4604298340559418
220.5;55.5;1.4171044718972263
220.5;56.5;1.3546997087856187
220.5;57.5;1.2796391702408592
220.5;58.5;1.1961552345021729
220.5;59.5;1.1159751903103867
221.5;20.5;1.2468970076102939
221.5;21.5;1.2766723830639728
221.5;22.5;1.3167721410211832
221.5;23.5;1.3630947381189848
221.5;24.5;1.3777325933949873
221.5;25.5;1.3477450257655736
221.5;26.5;1.2939387294325762
221.5;27.5;1.2095135499888954
221.5;28.5;1.0944047707997298
221.5;29.5;0.9368778199465895
221.5;30.5;0.7581794293855172
221.5;31.5;0.6174785527022171
221.5;32.5;0.5400811584284432
221.5;33.5;0.5094714339420708
221.5;34.5;0.4718427116427266
221.5;35.5;0.40957630861968697
221.5;36.5;0.3909218868789402
221.5;37.5;0.38543028312005273
221.5;38.5;0.42952495340799923
221.5;39.5;0.5121728705097875
221.5;40.5;0.6088221883022567
221.5;41.5;0.7130264106638307
221.5;42.5;0.8264800511299135
221.5;43.5;0.9348337569539603
221.5;44.5;1.0130508040609578
221.5;45.5;1.0958920541996613
221.5;46.5;1.1961327395910333
221.5;47.5;1.2685712546719174
221.5;48.5;1.3267616171181085
221.5;49.5;1.3725395908176137
221.5;50.5;1.412647252188529
221.5;51.5;1.435443146818575
221.5;52.5;1.4615640086128354
221.5;53.5;1.4690198749442547
221.5;54.5;1.4458758582906392
221.5;55.5;1.3961571245856785
221.5;56.5;1.329755904114114
221.5;57.5;1.249547110281876
221.5;58.5;1.168108071369832
222.5;20.5;1.2427685399378092
222.5;21.5;1.2753706353123584
222.5;22.5;1.310544459773203
222.5;23.5;1.3595945771310083
222.5;24.5;1.3777565274882988
222.5;25.5;1.3667931151281658
222.5;26.5;1.335158431648799
222.5;27.5;1.2656881296763363
222.5;28.5;1.1567883587537715
222.5;29.5;1.0214454697640807
222.5;30.5;0.8616215166494012
222.5;31.5;0.7336822979548268
222.5;32.5;0.6543085973485241
222.5;33.5;0.6356328700876567
222.5;34.5;0.5984521199394381
222.5;35.5;0.5526994275089153
222.5;36.5;0.540057953786191
222.5;37.5;0.5486064666581145
222.5;38.5;0.5928092138576653
222.5;39.5;0.6612493215855653
222.5;40.5;0.7409889712993523
222.5;41.5;0.8425345036542101
222.5;42.5;0.9395884071859025
222.5;43.5;1.028445178979765
222.5;44.5;1.0840926481968323
222.5;45.5;1.1584486423859601
222.5;46.5;1.2334813582894733
222.5;47.5;1.2986338031820894
222.5;48.5;1.3478079140729131
222.5;49.5;1.387059776253434
222.5;50.5;1.4196396673852312
222.5;51.5;1.4369878725416223
222.5;52.5;1.4566838289898254
222.5;53.5;1.4542211083275751
222.5;54.5;1.427119432072183
222.5;55.5;1.3713639146730678
222.5;56.5;1.2982888719366479
222.5;57.5;1.2170640447249654
222.5;58.5;1.1338785689254938
223.5;20.5;1.2453092000336035
223.5;21.5;1.2730932506168786
223.5;22.5;1.2970515421716717
223.5;23.5;1.349870184904925
223.5;24.5;1.381779618153644
223.5;25.5;1.383998881022248
223.5;26.5;1.3676734541740647
223.5;27.5;1.3004243908192563
223.5;28.5;1.2081748024754462
223.5;29.5;1.095832032783423
223.5;30.5;0.9571689702024594
223.5;31.5;0.8317101756250295
223.5;32.5;0.7635527064783417
223.5;33.5;0.7495713706082622
223.5;34.5;0.7134164766588734
223.5;35.5;0.6821973837091122
223.5;36.5;0.6890902649817883
223.5;37.5;0.7082227407127487
223.5;38.5;0.7387884456716183
223.5;39.5;0.803855363353934
223.5;40.5;0.8732218311549121
223.5;41.5;0.9543858867593601
223.5;42.5;1.038980684667003
223.5;43.5;1.1035981736111673
223.5;44.5;1.1449905702521135
223.5;45.5;1.20202715140489
223.5;46.5;1.2628531167969397
223.5;47.5;1.315642849839869
223.5;48.5;1.360587690500948
223.5;49.5;1.3961719724294221
223.5;50.5;1.415747068290254
223.5;51.5;1.4274586504464584
223.5;52.5;1.4308591702884748
223.5;53.5;1.422759913308833
223.5;54.5;1.393578555939401
223.5;55.5;1.3367422815510022
223.5;56.5;1.2625086637137342
223.5;57.5;1.1820085792397328
223.5;58.5;1.1024461774161918
224.5;20.5;1.2416336704635598
224.5;21.5;1.2672936817959919
224.5;22.5;1.2951793096409314
224.5;23.5;1.3375127940446108
224.5;24.5;1.3803782193213563
224.5;25.5;1.3913117544788256
224.5;26.5;1.3835279471754716
224.5;27.5;1.34099578171724
224.5;28.5;1.2540794274599238
224.5;29.5;1.1587405867123064
224.5;30.5;1.0341582651352277
224.5;31.5;0.9314101604286199
224.5;32.5;0.8694890201190736
224.5;33.5;0.8468311479093047
224.5;34.5;0.8221144268289475
224.5;35.5;0.807911821447055
224.5;36.5;0.809271544652175
224.5;37.5;0.8356215477227711
224.5;38.5;0.8728840970291115
224.5;39.5;0.931905305773315
224.5;40.5;0.9877780828261902
224.5;41.5;1.0500807096807492
224.5;42.5;1.1132733505985077
224.5;43.5;1.1586599729734974
224.5;44.5;1.1929626834097928
224.5;45.5;1.2397708660395332
224.5;46.5;1.2915395768859133
224.5;47.5;1.3294518335788492
224.5;48.5;1.374840866425998
224.5;49.5;1.4067599263795771
224.5;50.5;1.4131574991241866
224.5;51.5;1.4111206573983075
224.5;52.5;1.3978457827051713
224.5;53.5;1.38339636289279
224.5;54.5;1.345344529430058
224.5;55.5;1.2887885419788907
224.5;56.5;1.2169803599259763
224.5;57.5;1.1406929323416188
224.5;58.5;1.0620395426412679
225.5;20.5;1.2377665567556788
225.5;21.5;1.2588393614149953
225.5;22.5;1.284400850073416
225.5;23.5;1.3326589543383824
225.5;24.5;1.376565211097302
225.5;25.5;1.3972786926570393
225.5;26.5;1.390519467735258
225.5;27.5;1.3591567700365936
225.5;28.5;1.2825486964726507
225.5;29.5;1.2006762686565546
225.5;30.5;1.1057148957644671
225.5;31.5;1.0199562221998038
225.5;32.5;0.9745524676896243
225.5;33.5;0.9486017408026525
225.5;34.5;0.92066479608955
225.5;35.5;0.9190204516442109
225.5;36.5;0.9221945282910192
225.5;37.5;0.9495887978493509
225.5;38.5;0.9914083640132905
225.5;39.5;1.0368697811344416
225.5;40.5;1.0912759795712816
225.5;41.5;1.1353769277218402
225.5;42.5;1.1733924742295248
225.5;43.5;1.2087121775522363
225.5;44.5;1.238420105135564
225.5;45.5;1.2683216099506966
225.5;46.5;1.3133163366999827
225.5;47.5;1.348166775877208
225.5;48.5;1.389359286325456
225.5;49.5;1.4128448976913766
225.5;50.5;1.4107417219367906
225.5;51.5;1.3900738318271137
225.5;52.5;1.3582466463253269
225.5;53.5;1.3274878056991013
225.5;54.5;1.2838846252186318
225.5;55.5;1.2269557385424394
225.5;56.5;1.1627796810483508
225.5;57.5;1.097777331142111
226.5;20.5;1.2239082479106047
226.5;21.5;1.25556476733028
226.5;22.5;1.28151488824999
226.5;23.5;1.3310437831232358
226.5;24.5;1.3718997873892917
226.5;25.5;1.3970489493010456
226.5;26.5;1.3948911853068746
226.5;27.5;1.373278724702656
226.5;28.5;1.3088009635950424
226.5;29.5;1.2467867283831333
226.5;30.5;1.1725964620052607
226.5;31.5;1.1017597393701197
226.5;32.5;1.0612278071912138
226.5;33.5;1.0404242995782425
226.5;34.5;1.0191675619863554
226.5;35.5;1.0109014428696645
226.5;36.5;1.0182702287275551
226.5;37.5;1.0492578120516995
226.5;38.5;1.0943465950557258
226.5;39.5;1.1340567586567925
226.5;40.5;1.1754558454109327
226.5;41.5;1.2006870947661052
226.5;42.5;1.223510020593441
226.5;43.5;1.2448529011824627
226.5;44.5;1.2779043284008882
226.5;45.5;1.3014264627931926
226.5;46.5;1.3315454690490944
226.5;47.5;1.3615928080615667
226.5;48.5;1.3939751280546506
226.5;49.5;1.4102749434881028
226.5;50.5;1.4009943249400978
226.5;51.5;1.361252782413657
226.5;52.5;1.3074537280791783
226.5;53.5;1.2583835321650265
226.5;54.5;1.208153700526136
226.5;55.5;1.1492551528730766
226.5;56.5;1.0907830282346598
226.5;57.5;1.0504478239158324
227.5;20.5;1.2094831688619982
227.5;21.5;1.255606195272802
227.5;22.5;1.2812734931014536
227.5;23.5;1.3230331921725738
227.5;24.5;1.3609328599128225
227.5;25.5;1.3838526769698314
227.5;26.5;1.3864329126000907
227.5;27.5;1.3771936603734063
227.5;28.5;1.334398648720733
227.5;29.5;1.2813013560920843
227.5;30.5;1.2230500767818122
227.5;31.5;1.1666836188577532
227.5;32.5;1.1423591297475393
227.5;33.5;1.12315610684187
227.5;34.5;1.1105376262497628
227.5;35.5;1.0927683930742724
227.5;36.5;1.10704932110222
227.5;37.5;1.1378043528829536
227.5;38.5;1.1795250789219687
227.5;39.5;1.2254256947365108
227.5;40.5;1.2506089966462912
227.5;41.5;1.2654184118581002
227.5;42.5;1.2742047467800388
227.5;43.5;1.2782757034244914
227.5;44.5;1.306575548962599
227.5;45.5;1.325647572095175
227.5;46.5;1.3526678726126906
227.5;47.5;1.3764477635065322
227.5;48.5;1.3963228626799846
227.5;49.5;1.4014694159601453
227.5;50.5;1.3775111369351332
227.5;51.5;1.3245631441518029
227.5;52.5;1.2500216851448018
227.5;53.5;1.1832589052600735
227.5;54.5;1.120530704794161
227.5;55.5;1.053107678873739
228.5;20.5;1.1956767535483361
228.5;21.5;1.2356854447808465
228.5;22.5;1.274497433797081
228.5;23.5;1.3144627061453928
228.5;24.5;1.3485556208123615
228.5;25.5;1.3734666171021737
228.5;26.5;1.3832877685620326
228.5;27.5;1.3814245271409864
228.5;28.5;1.345677336177354
228.5;29.5;1.3085871831154097
228.5;30.5;1.2505738645575668
228.5;31.5;1.213735805684465
228.5;32.5;1.197306676535493
228.5;33.5;1.1907460529910647
228.5;34.5;1.184983453329667
228.5;35.5;1.1777951069011903
228.5;36.5;1.1781555680321014
228.5;37.5;1.208255993062095
228.5;38.5;1.2462747329206008
228.5;39.5;1.2968096958769513
228.5;40.5;1.3185059748466217
228.5;41.5;1.3171817315521308
228.5;42.5;1.3162663257690135
228.5;43.5;1.3124841725063108
228.5;44.5;1.3301638900438428
228.5;45.5;1.3502973455517382
228.5;46.5;1.3733908249430513
228.5;47.5;1.3842796055690256
228.5;48.5;1.3935051035209294
228.5;49.5;1.3875307640367327
228.5;50.5;1.3541674101306274
228.5;51.5;1.286794733889077
228.5;52.5;1.1994485810144573
228.5;53.5;1.1185051665139976
228.5;54.5;1.0476339030956918
228.5;55.5;0.9888516761074176
229.5;20.5;1.176259302584692
229.5;21.5;1.2161785840893984
229.5;22.5;1.2493880265717598
229.5;23.5;1.298205478182697
229.5;24.5;1.333927035317011
229.5;25.5;1.356016456250353
229.5;26.5;1.3712907125610694
229.5;27.5;1.3790397486220498
229.5;28.5;1.3538024270384894
229.5;29.5;1.3112785262018034
229.5;30.5;1.2669596917865982
229.5;31.5;1.236760671597659
229.5;32.5;1.2341210199785333
229.5;33.5;1.2465251987650539
229.5;34.5;1.2455544145368604
229.5;35.5;1.243393118665803
229.5;36.5;1.2457769056597696
229.5;37.5;1.2711471317623972
229.5;38.5;1.3068911975257955
229.5;39.5;1.3505531051887774
229.5;40.5;1.3659141162941113
229.5;41.5;1.3592868443306834
229.5;42.5;1.3476362593059226
229.5;43.5;1.3407827043597356
229.5;44.5;1.3493736917975052
229.5;45.5;1.3716607806871555
229.5;46.5;1.383302451637992
229.5;47.5;1.3859049225985234
229.5;48.5;1.3811741279835814
229.5;49.5;1.3651982019404905
229.5;50.5;1.3189448672099215
229.5;51.5;1.239434637401715
229.5;52.5;1.14263205381514
229.5;53.5;1.053704673537364
229.5;54.5;0.9842026233063118
230.5;20.5;1.1450378352241932
230.5;21.5;1.1852148643531204
230.5;22.5;1.2224662363726317
230.5;23.5;1.269226701780821
230.5;24.5;1.316357165156477
230.5;25.5;1.3408643820672226
230.5;26.5;1.3557999366629352
230.5;27.5;1.3636628901155148
230.5;28.5;1.3545338288717175
230.5;29.5;1.3135897433957953
230.5;30.5;1.2781455289585757
230.5;31.5;1.2612025851322493
230.5;32.5;1.2682852447145607
230.5;33.5;1.2888646659421665
230.5;34.5;1.3043455630052505
230.5;35.5;1.302085138992331
230.5;36.5;1.304623718322854
230.5;37.5;1.320959368184601
230.5;38.5;1.3522834867391236
230.5;39.5;1.3795437456277648
230.5;40.5;1.3846286137052344
230.5;41.5;1.3725992524501862
230.5;42.5;1.3661766687968098
230.5;43.5;1.3541802493736879
230.5;44.5;1.3590698277026376
230.5;45.5;1.3720294326927944
230.5;46.5;1.3837819210825848
230.5;47.5;1.3735299449184364
230.5;48.5;1.3627072533429623
230.5;49.5;1.329891292170401
230.5;50.5;1.2675645741066395
230.5;51.5;1.1815369394998394
230.5;52.5;1.0871222901605886
231.5;20.5;1.122250816108267
231.5;21.5;1.1564747135825864
231.5;22.5;1.1873227134823567
231.5;23.5;1.2310763489303775
231.5;24.5;1.2816112063104583
231.5;25.5;1.3168866637978536
231.5;26.5;1.3341053429857654
231.5;27.5;1.3459366177170242
231.5;28.5;1.344170306666523
231.5;29.5;1.3141491489638755
231.5;30.5;1.2908609167336487
231.5;31.5;1.2765748022467072
231.5;32.5;1.2940481402501867
231.5;33.5;1.3195005009393068
231.5;34.5;1.3474185402324017
231.5;35.5;1.349200929336159
231.5;36.5;1.3436022952832525
231.5;37.5;1.351944866233217
231.5;38.5;1.3740686694851
231.5;39.5;1.3873153703858339
231.5;40.5;1.3807008576268134
231.5;41.5;1.3671042813909267
231.5;42.5;1.3580578187746284
231.5;43.5;1.3518777681855867
231.5;44.5;1.3483298326175779
231.5;45.5;1.3600348332254066
231.5;46.5;1.3673576882467489
231.5;47.5;1.350634293170725
231.5;48.5;1.3229666439797108
231.5;49.5;1.27704653054233
231.5;50.5;1.2079834115739438
231.5;51.5;1.1198524943169832
231.5;52.5;1.0282845825935345
232.5;20.5;1.086260622392155
232.5;21.5;1.128514586697384
232.5;22.5;1.1485384297855752
232.5;23.5;1.1957985033929344
232.5;24.5;1.2485094308460598
232.5;25.5;1.290188076162666
232.5;26.5;1.304012906823262
232.5;27.5;1.3262526943741184
232.5;28.5;1.3285222838850157
232.5;29.5;1.3136680069714675
232.5;30.5;1.2893911847674477
232.5;31.5;1.2918643536957346
232.5;32.5;1.3106386443178843
232.5;33.5;1.3478765317921821
232.5;34.5;1.3684481900973042
232.5;35.5;1.3766636446207337
232.5;36.5;1.3667208022262842
232.5;37.5;1.3642400931073586
232.5;38.5;1.3710234944882025
232.5;39.5;1.36411431349164
232.5;40.5;1.3469684991409185
232.5;41.5;1.3314425490241373
232.5;42.5;1.3191103135052553
232.5;43.5;1.3177374584305692
232.5;44.5;1.319629604782177
232.5;45.5;1.3265050881727865
232.5;46.5;1.329565777192116
232.5;47.5;1.3075678444943697
232.5;48.5;1.270038871479047
232.5;49.5;1.215530921847817
233.5;20.5;1.061943166913179
233.5;21.5;1.096900862137997
233.5;22.5;1.1191541341875002
233.5;23.5;1.1643193189980119
233.5;24.5;1.2196723391879698
233.5;25.5;1.2625208488570487
233.5;26.5;1.2771696677536584
233.5;27.5;1.306756043315292
233.5;28.5;1.3194083263277288
233.5;29.5;1.3071656696334462
233.5;30.5;1.2940059857489885
233.5;31.5;1.3028044563705032
233.5;32.5;1.3315898383262623
233.5;33.5;1.3701217117654367
233.5;34.5;1.3853595336397884
233.5;35.5;1.3938589249315387
233.5;36.5;1.3763708708970108
233.5;37.5;1.3596878581288827
233.5;38.5;1.343328685800224
233.5;39.5;1.315052779206835
233.5;40.5;1.2843172096549977
233.5;41.5;1.264606618599981
233.5;42.5;1.2554126059056716
233.5;43.5;1.261087809100009
233.5;44.5;1.2721779768709598
233.5;45.5;1.2742316213196792
233.5;46.5;1.2758153960567697
233.5;47.5;1.249575227681589
233.5;48.5;1.2080330092247427
233.5;49.5;1.1490492934140943
234.5;20.5;1.0382206231635458
234.5;21.5;1.055796137730222
234.5;22.5;1.0824394739073087
234.5;23.5;1.1362691293102485
234.5;24.5;1.196431212975611
234.5;25.5;1.238615506663042
234.5;26.5;1.2591056805230187
234.5;27.5;1.2831586390911405
234.5;28.5;1.3039347401342776
234.5;29.5;1.299324240347865
234.5;30.5;1.2971206168391523
234.5;31.5;1.3076393322298467
234.5;32.5;1.348950312522709
234.5;33.5;1.3848312278742996
234.5;34.5;1.3939849445798185
234.5;35.5;1.3902722390871045
234.5;36.5;1.36199013153829
234.5;37.5;1.3290935767422778
234.5;38.5;1.2902110044492718
234.5;39.5;1.246296769851015
234.5;40.5;1.2026979746287432
234.5;41.5;1.1772947807760323
234.5;42.5;1.171809286845016
234.5;43.5;1.1834874783582459
234.5;44.5;1.2012218644394492
234.5;45.5;1.2034057767385768
234.5;46.5;1.2021347351112732
234.5;47.5;1.1763056203707656
234.5;48.5;1.1326039246249187
235.5;20.5;1.0109543304597393
235.5;21.5;1.0254932195465507
235.5;22.5;1.0629416702361199
235.5;23.5;1.1047507166415769
235.5;24.5;1.166320534410543
235.5;25.5;1.2056813921223788
235.5;26.5;1.2352501860286123
235.5;27.5;1.2639367550588176
235.5;28.5;1.2795930678816865
235.5;29.5;1.294416696774229
235.5;30.5;1.297761054623483
235.5;31.5;1.3243435225499278
235.5;32.5;1.3613477678893107
235.5;33.5;1.3932483792021475
235.5;34.5;1.3924832408644683
235.5;35.5;1.3650770486145123
235.5;36.5;1.3241286495621996
235.5;37.5;1.2666008682245347
235.5;38.5;1.2150128381364578
235.5;39.5;1.1617827120329045
235.5;40.5;1.112740689579148
235.5;41.5;1.085103850773295
235.5;42.5;1.0842657739995647
235.5;43.5;1.0936302591433331
235.5;44.5;1.116591339455145
235.5;45.5;1.1243325144241196
235.5;46.5;1.1192779200693455
235.5;47.5;1.0932681894115808
236.5;20.5;1.0011953138296634
236.5;21.5;1.0038981835470835
236.5;22.5;1.0593313422192827
236.5;23.5;1.0928249326215487
236.5;24.5;1.132131285840866
236.5;25.5;1.1775813199731846
236.5;26.5;1.2102800242501113
236.5;27.5;1.2425546476461227
236.5;28.5;1.2631032152589594
236.5;29.5;1.2899991874573629
236.5;30.5;1.293698203833435
236.5;31.5;1.3258975008690415
236.5;32.5;1.3591647138193397
236.5;33.5;1.375157858504734
236.5;34.5;1.3669733369600692
236.5;35.5;1.3219048000971003
236.5;36.5;1.2610883494850278
236.5;37.5;1.1858884197272044
236.5;38.5;1.1263849585244847
237.5;20.5;0.996554165921436
237.5;21.5;1.0085495315290811
237.5;22.5;1.0503252806245582
237.5;23.5;1.0764245230603846
237.5;24.5;1.1067185626264566
237.5;25.5;1.144611530262897
237.5;26.5;1.179883369517706
237.5;27.5;1.2174343764348843
237.5;28.5;1.2488348085257348
237.5;29.5;1.2779012950833848
237.5;30.5;1.2847158437839024
237.5;31.5;1.318890214095691
237.5;32.5;1.3422327429271286
237.5;33.5;1.342396810230138
237.5;34.5;1.3125596788083314
237.5;35.5;1.251379602479842
237.5;36.5;1.1843985441408436
237.5;37.5;1.1049846982366225
238.5;20.5;0.9965653807885204
238.5;21.5;1.0081820117771627
238.5;22.5;1.0472703570762183
238.5;23.5;1.0772696030395121
238.5;24.5;1.0881237284601144
238.5;25.5;1.117799260681535
238.5;26.5;1.166173038280116
238.5;27.5;1.2103027678881353
238.5;28.5;1.2469009192780263
238.5;29.5;1.27636607126503
238.5;30.5;1.2860499037343691
238.5;31.5;1.3060171209600282
238.5;32.5;1.3229554049320036
238.5;33.5;1.2977452101225313
238.5;34.5;1.240909888767911
238.5;35.5;1.169412691242564
239.5;20.5;0.9917039917204313
239.5;21.5;1.0085889958579974
239.5;22.5;1.0466747224043333
239.5;23.5;1.0683229952102962
239.5;24.5;1.0762551315309494
239.5;25.5;1.1022281686829476
239.5;26.5;1.1404768229151498
239.5;27.5;1.1961933133082063
239.5;28.5;1.2353045705811805
239.5;29.5;1.2639589270488099
239.5;30.5;1.2811886148345992
239.5;31.5;1.2894266962754102
239.5;32.5;1.2913409379337168
239.5;33.5;1.2421884166470114
239.5;34.5;1.1651282203696123
